Student Name,Student _mail id,Course,Cohort,Placed/Not Placed,CGPA,AI Tutor Usage,AI Mentor Usage,JPT Usage,Yoodli Usage
Student_1_Jul-24,student1@jul-23.spjain.edu,GMBA,Jul-23,Placed,2.63,High,High,High,Low
Student_2_Jul-23,student2@jan-24.spjain.edu,MGB,Jan-24,Not Placed,3.08,Low,Low,High,None
Student_3_Jan-24,student3@jul-23.spjain.edu,GMBA,Jul-22,Not Placed,3.12,Medium,None,None,High
Student_4_Jul-24,student4@jan-23.spjain.edu,GCGM,Jan-24,Not Placed,3.94,None,Low,Medium,High
Student_5_Jan-24,student5@jan-22.spjain.edu,GMBA,Jan-24,Placed,2.87,None,Medium,None,Medium
Student_6_Jan-24,student6@jan-22.spjain.edu,MGB,Jul-23,Not Placed,3.36,Medium,High,Medium,Medium
Student_7_Jan-23,student7@jul-22.spjain.edu,GCGM,Jul-24,Not Placed,3.59,Medium,None,High,Low
Student_8_Jan-24,student8@jan-22.spjain.edu,GMBA,Jan-23,Placed,2.93,None,Low,None,Medium
Student_9_Jan-23,student9@jul-22.spjain.edu,GMBA,Jan-23,Not Placed,3.79,None,None,Low,Low
Student_10_Jul-24,student10@jul-23.spjain.edu,MGB,Jul-22,Not Placed,3.67,Low,High,Low,None
Student_11_Jan-23,student11@jan-22.spjain.edu,GCGM,Jan-24,Placed,3.76,High,High,Low,High
Student_12_Jul-24,student12@jul-24.spjain.edu,GCGM,Jul-22,Not Placed,2.58,Medium,None,None,Low
Student_13_Jul-23,student13@jul-23.spjain.edu,MGB,Jan-23,Not Placed,3.62,Low,High,High,High
Student_14_Jan-23,student14@jul-22.spjain.edu,GMBA,Jul-23,Placed,2.93,High,High,Medium,None
Student_15_Jan-22,student15@jan-24.spjain.edu,GMBA,Jan-23,Not Placed,3.42,Medium,Medium,Medium,Medium
Student_16_Jan-22,student16@jan-23.spjain.edu,GMBA,Jan-24,Not Placed,3.19,Low,Low,Medium,Low
Student_17_Jan-23,student17@jan-24.spjain.edu,GCGM,Jul-24,Placed,3.75,None,High,None,None
Student_18_Jul-24,student18@jul-23.spjain.edu,MGB,Jul-22,Not Placed,2.88,None,None,None,None
Student_19_Jan-24,student19@jul-24.spjain.edu,GCGM,Jan-24,Placed,3.56,None,None,Low,High
Student_20_Jul-24,student20@jul-24.spjain.edu,GMBA,Jul-22,Placed,3.54,Medium,Medium,High,None
Student_21_Jul-24,student21@jul-23.spjain.edu,MGB,Jul-23,Not Placed,2.89,None,Medium,None,High
Student_22_Jul-23,student22@jan-23.spjain.edu,GCGM,Jan-23,Not Placed,2.77,None,High,Low,High
Student_23_Jul-22,student23@jul-24.spjain.edu,MGB,Jan-22,Placed,3.31,High,Low,None,High
Student_24_Jul-24,student24@jan-23.spjain.edu,GCGM,Jan-22,Placed,2.61,Medium,High,None,High
Student_25_Jul-22,student25@jul-24.spjain.edu,GMBA,Jan-22,Placed,3.5,Medium,Low,Medium,High
Student_26_Jan-24,student26@jan-22.spjain.edu,GMBA,Jul-24,Not Placed,3.22,High,None,Low,None
Student_27_Jul-23,student27@jul-24.spjain.edu,MGB,Jan-22,Not Placed,3.0,Medium,High,None,None
Student_28_Jan-23,student28@jan-24.spjain.edu,MGB,Jan-22,Not Placed,3.64,Medium,Low,Low,None
Student_29_Jul-23,student29@jul-24.spjain.edu,GCGM,Jan-23,Not Placed,3.84,Medium,High,None,High
Student_30_Jul-24,student30@jul-22.spjain.edu,GCGM,Jan-22,Placed,2.54,Low,High,High,None
Student_31_Jan-24,student31@jul-24.spjain.edu,MGB,Jul-23,Not Placed,3.95,None,None,Medium,None
Student_32_Jan-23,student32@jul-24.spjain.edu,GCGM,Jul-23,Placed,2.82,High,Low,Low,None
Student_33_Jan-22,student33@jul-24.spjain.edu,GCGM,Jul-23,Placed,3.21,None,Low,Low,None
Student_34_Jul-22,student34@jul-24.spjain.edu,GCGM,Jan-23,Placed,3.18,Low,None,None,None
Student_35_Jul-23,student35@jan-24.spjain.edu,GMBA,Jul-22,Placed,3.71,High,Medium,High,Medium
Student_36_Jan-22,student36@jul-24.spjain.edu,GMBA,Jan-24,Placed,2.98,Low,None,Low,Medium
Student_37_Jan-22,student37@jan-22.spjain.edu,MGB,Jul-22,Not Placed,2.75,Medium,Low,High,Low
Student_38_Jan-24,student38@jan-22.spjain.edu,GCGM,Jan-22,Not Placed,3.67,None,High,None,None
Student_39_Jan-22,student39@jul-22.spjain.edu,GCGM,Jul-24,Not Placed,3.12,High,Low,Low,Low
Student_40_Jul-24,student40@jan-23.spjain.edu,GMBA,Jul-23,Not Placed,2.86,Low,None,Low,High
Student_41_Jan-24,student41@jan-22.spjain.edu,GMBA,Jan-23,Not Placed,3.13,Low,Low,None,None
Student_42_Jan-24,student42@jan-23.spjain.edu,GMBA,Jan-24,Placed,3.2,Low,Medium,None,Low
Student_43_Jan-22,student43@jul-22.spjain.edu,GMBA,Jul-23,Not Placed,2.76,None,None,Medium,Medium
Student_44_Jul-22,student44@jul-23.spjain.edu,MGB,Jan-23,Not Placed,2.56,None,Low,Low,None
Student_45_Jul-23,student45@jan-24.spjain.edu,GCGM,Jan-22,Placed,3.58,Medium,High,Low,Medium
Student_46_Jul-22,student46@jan-22.spjain.edu,MGB,Jul-22,Placed,2.86,High,Low,High,Low
Student_47_Jan-22,student47@jul-23.spjain.edu,GMBA,Jul-23,Placed,3.84,Low,Low,High,Low
Student_48_Jul-23,student48@jan-23.spjain.edu,GCGM,Jul-23,Placed,3.45,Medium,Low,Medium,Low
Student_49_Jan-22,student49@jul-24.spjain.edu,GMBA,Jan-22,Not Placed,2.7,High,High,High,Low
Student_50_Jan-23,student50@jul-22.spjain.edu,MGB,Jan-24,Placed,3.68,Low,Low,None,High
Student_51_Jan-24,student51@jul-23.spjain.edu,GCGM,Jan-24,Not Placed,3.76,Medium,None,High,Low
Student_52_Jul-22,student52@jan-23.spjain.edu,MGB,Jan-24,Placed,3.84,Low,None,High,None
Student_53_Jan-22,student53@jul-23.spjain.edu,GMBA,Jan-24,Placed,3.14,High,High,None,High
Student_54_Jul-23,student54@jul-22.spjain.edu,GCGM,Jan-24,Placed,3.54,High,Low,Low,Medium
Student_55_Jan-23,student55@jul-22.spjain.edu,GMBA,Jan-22,Placed,3.22,Medium,Low,High,None
Student_56_Jul-23,student56@jul-23.spjain.edu,GCGM,Jul-24,Not Placed,2.78,Medium,High,None,None
Student_57_Jul-23,student57@jul-24.spjain.edu,MGB,Jan-24,Placed,2.94,Medium,Low,None,Medium
Student_58_Jul-24,student58@jan-22.spjain.edu,GMBA,Jul-24,Not Placed,3.83,None,High,Medium,High
Student_59_Jan-24,student59@jan-22.spjain.edu,MGB,Jan-23,Placed,3.47,None,Low,Low,Medium
Student_60_Jul-22,student60@jan-24.spjain.edu,GCGM,Jul-24,Not Placed,3.61,Low,Low,Medium,Medium
Student_61_Jan-23,student61@jan-24.spjain.edu,GMBA,Jul-23,Not Placed,2.58,Medium,Medium,High,High
Student_62_Jan-24,student62@jan-24.spjain.edu,GCGM,Jul-23,Not Placed,3.18,Medium,None,Low,High
Student_63_Jan-22,student63@jan-22.spjain.edu,MGB,Jul-22,Not Placed,3.94,None,None,Low,Medium
Student_64_Jan-22,student64@jul-24.spjain.edu,GCGM,Jul-23,Placed,3.81,None,Medium,High,Low
Student_65_Jul-23,student65@jan-23.spjain.edu,MGB,Jul-23,Placed,2.94,None,None,Low,Medium
Student_66_Jul-23,student66@jan-24.spjain.edu,MGB,Jul-24,Not Placed,3.23,High,High,Medium,Low
Student_67_Jan-23,student67@jul-22.spjain.edu,MGB,Jul-22,Not Placed,3.06,Medium,None,Low,Medium
Student_68_Jan-23,student68@jul-23.spjain.edu,GCGM,Jan-24,Placed,3.57,Medium,Low,Low,Low
Student_69_Jul-22,student69@jul-22.spjain.edu,GCGM,Jan-22,Not Placed,3.36,High,Medium,Medium,Low
Student_70_Jul-22,student70@jan-24.spjain.edu,GMBA,Jan-22,Not Placed,3.97,Low,Medium,High,Low
Student_71_Jan-24,student71@jan-23.spjain.edu,GCGM,Jan-22,Not Placed,3.9,Low,High,Medium,Low
Student_72_Jan-22,student72@jul-24.spjain.edu,GMBA,Jan-24,Not Placed,3.47,Medium,High,Medium,Low
Student_73_Jan-24,student73@jul-24.spjain.edu,MGB,Jan-23,Placed,3.6,None,Low,None,Medium
Student_74_Jan-22,student74@jul-23.spjain.edu,GMBA,Jul-22,Not Placed,3.04,Medium,None,Low,Low
Student_75_Jan-23,student75@jul-22.spjain.edu,GCGM,Jan-22,Not Placed,3.52,None,High,Low,High
Student_76_Jan-23,student76@jan-24.spjain.edu,GMBA,Jan-24,Placed,3.86,Medium,High,Low,High
Student_77_Jan-23,student77@jul-23.spjain.edu,MGB,Jan-22,Not Placed,3.02,Medium,High,None,Low
Student_78_Jul-24,student78@jul-23.spjain.edu,GMBA,Jul-23,Not Placed,2.93,High,High,Low,None
Student_79_Jul-22,student79@jul-22.spjain.edu,MGB,Jul-23,Not Placed,2.6,High,None,None,High
Student_80_Jul-24,student80@jan-23.spjain.edu,MGB,Jul-22,Not Placed,3.57,Low,Low,Low,High
Student_81_Jan-23,student81@jan-24.spjain.edu,MGB,Jan-22,Not Placed,3.75,Medium,High,High,Low
Student_82_Jan-22,student82@jan-22.spjain.edu,GCGM,Jan-23,Not Placed,3.93,High,None,Medium,High
Student_83_Jul-22,student83@jul-23.spjain.edu,GMBA,Jul-24,Placed,2.54,Medium,High,None,Medium
Student_84_Jan-24,student84@jul-23.spjain.edu,GMBA,Jul-23,Not Placed,3.44,High,None,Medium,None
Student_85_Jan-23,student85@jul-22.spjain.edu,GMBA,Jan-22,Placed,2.98,Low,Medium,Low,None
Student_86_Jan-23,student86@jan-23.spjain.edu,MGB,Jul-24,Not Placed,2.57,Medium,None,Low,Low
Student_87_Jan-22,student87@jan-24.spjain.edu,GCGM,Jan-24,Not Placed,3.81,Medium,Medium,Medium,None
Student_88_Jan-24,student88@jan-24.spjain.edu,MGB,Jul-22,Placed,2.71,Medium,Medium,High,High
Student_89_Jan-23,student89@jul-22.spjain.edu,GCGM,Jul-22,Placed,3.26,Low,None,High,High
Student_90_Jan-22,student90@jan-22.spjain.edu,GCGM,Jan-22,Not Placed,3.02,Medium,Low,High,Medium
Student_91_Jul-22,student91@jul-24.spjain.edu,MGB,Jan-22,Placed,2.83,Low,Low,Medium,Low
Student_92_Jul-22,student92@jul-22.spjain.edu,GCGM,Jul-23,Placed,2.62,High,High,None,Low
Student_93_Jan-22,student93@jan-22.spjain.edu,GMBA,Jan-24,Placed,3.2,Medium,None,None,Medium
Student_94_Jul-24,student94@jan-22.spjain.edu,GCGM,Jan-22,Placed,3.38,Low,Low,Medium,None
Student_95_Jan-22,student95@jul-22.spjain.edu,GMBA,Jan-23,Not Placed,3.03,Low,None,None,None
Student_96_Jan-24,student96@jul-22.spjain.edu,GMBA,Jul-22,Not Placed,2.76,None,None,Low,High
Student_97_Jan-23,student97@jul-24.spjain.edu,GMBA,Jul-22,Not Placed,3.51,None,Low,Medium,High
Student_98_Jul-23,student98@jul-22.spjain.edu,GMBA,Jul-22,Not Placed,2.67,Medium,None,High,None
Student_99_Jan-24,student99@jul-22.spjain.edu,MGB,Jan-23,Not Placed,3.34,None,None,Medium,High
Student_100_Jan-22,student100@jul-23.spjain.edu,MGB,Jul-23,Not Placed,3.53,High,Low,High,Medium
Student_101_Jul-23,student101@jul-22.spjain.edu,GCGM,Jul-23,Not Placed,2.77,High,None,High,High
Student_102_Jan-24,student102@jul-24.spjain.edu,GMBA,Jan-22,Placed,2.72,High,None,Low,None
Student_103_Jan-23,student103@jul-22.spjain.edu,MGB,Jul-22,Not Placed,2.68,High,High,Medium,Medium
Student_104_Jul-24,student104@jul-23.spjain.edu,MGB,Jul-23,Not Placed,3.98,Medium,Low,High,None
Student_105_Jan-22,student105@jan-23.spjain.edu,MGB,Jul-23,Placed,3.44,Low,None,None,None
Student_106_Jan-22,student106@jul-23.spjain.edu,GMBA,Jan-22,Placed,3.07,Medium,Low,Medium,None
Student_107_Jan-22,student107@jul-24.spjain.edu,GMBA,Jul-23,Not Placed,2.8,High,High,Medium,Medium
Student_108_Jan-24,student108@jan-24.spjain.edu,GCGM,Jan-22,Not Placed,3.82,None,High,High,Medium
Student_109_Jul-23,student109@jul-23.spjain.edu,MGB,Jan-22,Placed,2.77,Medium,Low,High,High
Student_110_Jul-22,student110@jan-23.spjain.edu,GMBA,Jul-23,Not Placed,3.65,High,High,High,Low
Student_111_Jan-24,student111@jan-22.spjain.edu,MGB,Jan-23,Not Placed,3.39,High,Medium,Medium,Medium
Student_112_Jan-22,student112@jan-22.spjain.edu,GMBA,Jan-22,Placed,3.76,Medium,None,Medium,High
Student_113_Jan-22,student113@jul-23.spjain.edu,MGB,Jan-23,Not Placed,3.03,Low,Low,Low,Medium
Student_114_Jan-24,student114@jan-22.spjain.edu,GMBA,Jan-22,Not Placed,2.67,Low,None,Medium,None
Student_115_Jul-23,student115@jul-24.spjain.edu,MGB,Jan-24,Not Placed,2.9,High,None,Medium,High
Student_116_Jan-24,student116@jul-23.spjain.edu,MGB,Jan-24,Placed,3.71,None,Low,Medium,High
Student_117_Jan-24,student117@jul-24.spjain.edu,MGB,Jul-22,Not Placed,3.05,High,Low,High,None
Student_118_Jan-24,student118@jul-22.spjain.edu,MGB,Jan-23,Placed,2.95,High,Low,None,None
Student_119_Jan-24,student119@jan-23.spjain.edu,MGB,Jan-22,Not Placed,3.14,Medium,None,Medium,Medium
Student_120_Jul-23,student120@jul-24.spjain.edu,GMBA,Jan-23,Placed,3.12,Medium,High,Low,None
Student_121_Jul-24,student121@jul-24.spjain.edu,GMBA,Jul-22,Not Placed,2.82,High,Medium,High,None
Student_122_Jan-24,student122@jul-22.spjain.edu,MGB,Jul-23,Placed,2.86,Medium,High,High,Medium
Student_123_Jan-22,student123@jul-24.spjain.edu,GCGM,Jul-23,Not Placed,3.74,Low,Medium,Low,High
Student_124_Jul-22,student124@jan-22.spjain.edu,GCGM,Jul-22,Placed,2.87,Medium,High,High,High
Student_125_Jul-23,student125@jul-24.spjain.edu,GCGM,Jul-22,Placed,2.91,None,Medium,Medium,Low
Student_126_Jul-24,student126@jan-22.spjain.edu,GMBA,Jul-23,Placed,2.58,None,Medium,Medium,None
Student_127_Jul-23,student127@jan-23.spjain.edu,GMBA,Jul-24,Placed,3.1,Low,Low,None,None
Student_128_Jan-24,student128@jul-24.spjain.edu,GMBA,Jan-24,Not Placed,3.24,None,Low,None,Medium
Student_129_Jan-23,student129@jan-24.spjain.edu,GMBA,Jul-23,Placed,3.9,Low,Low,None,Low
Student_130_Jul-22,student130@jan-23.spjain.edu,MGB,Jul-23,Not Placed,3.79,None,High,Medium,None
Student_131_Jan-23,student131@jan-24.spjain.edu,MGB,Jul-23,Placed,3.94,Low,Medium,High,Medium
Student_132_Jan-23,student132@jan-22.spjain.edu,GMBA,Jan-24,Placed,3.76,None,Low,Medium,High
Student_133_Jan-23,student133@jul-24.spjain.edu,GMBA,Jan-23,Placed,3.3,Low,High,High,None
Student_134_Jul-23,student134@jan-23.spjain.edu,MGB,Jan-22,Placed,2.95,Low,High,Medium,High
Student_135_Jan-22,student135@jan-23.spjain.edu,GCGM,Jul-23,Not Placed,3.61,Medium,High,None,Low
Student_136_Jul-24,student136@jan-23.spjain.edu,GMBA,Jan-22,Not Placed,3.13,Medium,High,None,None
Student_137_Jul-24,student137@jul-24.spjain.edu,GCGM,Jul-24,Not Placed,3.69,Low,None,High,Low
Student_138_Jul-24,student138@jan-23.spjain.edu,MGB,Jan-24,Placed,2.67,Low,Low,High,Medium
Student_139_Jul-23,student139@jul-23.spjain.edu,GMBA,Jul-22,Not Placed,2.76,Medium,Medium,Low,None
Student_140_Jul-23,student140@jan-23.spjain.edu,GCGM,Jul-23,Not Placed,3.92,Low,None,None,Low
Student_141_Jan-22,student141@jul-23.spjain.edu,GCGM,Jan-23,Placed,2.57,High,Medium,Low,None
Student_142_Jan-23,student142@jul-22.spjain.edu,GMBA,Jan-22,Placed,3.58,High,High,High,None
Student_143_Jul-22,student143@jul-24.spjain.edu,GCGM,Jul-22,Not Placed,2.93,High,High,Low,High
Student_144_Jul-22,student144@jan-24.spjain.edu,GCGM,Jan-23,Placed,3.13,High,Low,None,Medium
Student_145_Jan-23,student145@jul-22.spjain.edu,GMBA,Jul-23,Placed,3.05,High,None,None,High
Student_146_Jul-22,student146@jan-23.spjain.edu,GMBA,Jul-23,Placed,3.57,High,Medium,None,None
Student_147_Jan-24,student147@jan-22.spjain.edu,GCGM,Jan-23,Placed,3.21,Medium,None,None,Medium
Student_148_Jan-24,student148@jan-24.spjain.edu,MGB,Jan-23,Not Placed,3.51,Low,None,Low,Medium
Student_149_Jul-22,student149@jan-24.spjain.edu,MGB,Jan-23,Not Placed,2.7,Medium,High,Low,Medium
Student_150_Jan-22,student150@jan-23.spjain.edu,GCGM,Jul-22,Not Placed,3.81,Medium,Medium,High,Medium
Student_151_Jan-23,student151@jan-24.spjain.edu,MGB,Jan-24,Not Placed,3.15,Low,Medium,High,Low
Student_152_Jan-24,student152@jul-24.spjain.edu,GMBA,Jul-23,Placed,2.78,None,Low,Low,None
Student_153_Jul-23,student153@jan-23.spjain.edu,GCGM,Jul-24,Not Placed,3.15,High,None,High,Medium
Student_154_Jul-24,student154@jan-24.spjain.edu,MGB,Jul-23,Not Placed,2.67,Low,None,Medium,None
Student_155_Jul-22,student155@jan-23.spjain.edu,GCGM,Jul-22,Not Placed,3.34,Low,None,Low,High
Student_156_Jan-22,student156@jul-22.spjain.edu,MGB,Jul-24,Placed,3.83,None,Medium,None,High
Student_157_Jan-23,student157@jan-24.spjain.edu,GCGM,Jan-23,Placed,2.54,High,High,High,Medium
Student_158_Jan-24,student158@jul-24.spjain.edu,GCGM,Jan-23,Placed,3.48,High,Medium,Low,Low
Student_159_Jan-22,student159@jul-24.spjain.edu,MGB,Jan-23,Placed,3.62,High,None,High,Medium
Student_160_Jul-22,student160@jul-22.spjain.edu,MGB,Jan-22,Placed,3.78,Low,High,High,Medium
Student_161_Jul-24,student161@jul-24.spjain.edu,GCGM,Jan-22,Not Placed,3.24,High,Medium,Low,Medium
Student_162_Jul-24,student162@jan-22.spjain.edu,MGB,Jan-24,Placed,3.23,High,High,Medium,High
Student_163_Jan-22,student163@jul-23.spjain.edu,MGB,Jan-24,Placed,3.15,High,None,None,Medium
Student_164_Jul-23,student164@jul-24.spjain.edu,GCGM,Jul-24,Placed,3.9,None,Medium,High,High
Student_165_Jan-22,student165@jul-23.spjain.edu,MGB,Jul-22,Placed,3.53,Medium,Low,High,Medium
Student_166_Jan-24,student166@jan-22.spjain.edu,GMBA,Jan-22,Placed,3.27,High,High,None,High
Student_167_Jul-24,student167@jul-24.spjain.edu,GMBA,Jan-23,Not Placed,2.88,None,None,None,High
Student_168_Jul-22,student168@jul-22.spjain.edu,MGB,Jan-22,Placed,3.12,Medium,Medium,High,High
Student_169_Jan-24,student169@jan-23.spjain.edu,MGB,Jul-22,Placed,2.78,Medium,None,High,None
Student_170_Jan-22,student170@jul-23.spjain.edu,GCGM,Jan-22,Placed,3.48,High,High,High,Medium
Student_171_Jan-24,student171@jan-24.spjain.edu,MGB,Jul-24,Not Placed,3.71,None,Low,Low,None
Student_172_Jul-22,student172@jan-22.spjain.edu,GCGM,Jul-24,Placed,3.79,Low,High,Low,Low
Student_173_Jul-23,student173@jul-24.spjain.edu,GMBA,Jul-22,Placed,2.95,High,Low,High,High
Student_174_Jan-22,student174@jan-22.spjain.edu,GCGM,Jul-22,Not Placed,3.95,High,None,High,Low
Student_175_Jul-22,student175@jan-23.spjain.edu,GMBA,Jul-23,Placed,3.0,None,High,High,High
Student_176_Jul-24,student176@jan-24.spjain.edu,GMBA,Jul-24,Not Placed,2.56,High,High,High,Low
Student_177_Jul-24,student177@jan-22.spjain.edu,GMBA,Jan-22,Not Placed,3.36,None,Medium,High,High
Student_178_Jan-22,student178@jul-23.spjain.edu,GMBA,Jul-24,Not Placed,3.17,High,None,Low,Medium
Student_179_Jul-24,student179@jul-22.spjain.edu,MGB,Jan-23,Not Placed,2.85,Low,Medium,High,Low
Student_180_Jan-23,student180@jul-24.spjain.edu,GMBA,Jul-23,Not Placed,3.75,Medium,High,Low,Low
Student_181_Jan-23,student181@jul-24.spjain.edu,GMBA,Jan-22,Not Placed,2.69,Low,Low,High,None
Student_182_Jul-23,student182@jul-23.spjain.edu,MGB,Jul-22,Placed,3.34,None,Medium,Medium,Medium
Student_183_Jul-24,student183@jul-22.spjain.edu,GCGM,Jan-24,Placed,3.71,Medium,High,None,Low
Student_184_Jan-22,student184@jan-24.spjain.edu,GCGM,Jul-23,Not Placed,3.99,Medium,None,Medium,Low
Student_185_Jul-24,student185@jan-24.spjain.edu,GMBA,Jul-24,Placed,3.56,High,High,None,None
Student_186_Jan-24,student186@jan-24.spjain.edu,GCGM,Jan-24,Placed,3.26,Low,None,Low,Medium
Student_187_Jul-22,student187@jul-24.spjain.edu,MGB,Jul-24,Not Placed,3.64,High,None,Low,Medium
Student_188_Jan-23,student188@jul-22.spjain.edu,GCGM,Jul-22,Not Placed,3.95,None,Low,High,Medium
Student_189_Jan-23,student189@jan-24.spjain.edu,GCGM,Jan-22,Not Placed,3.06,High,Medium,Low,Low
Student_190_Jan-24,student190@jul-23.spjain.edu,GCGM,Jul-22,Not Placed,3.12,High,High,Medium,None
Student_191_Jul-23,student191@jul-22.spjain.edu,GCGM,Jul-24,Placed,2.63,Medium,High,Low,High
Student_192_Jan-22,student192@jul-23.spjain.edu,GCGM,Jul-24,Placed,3.85,None,Medium,High,High
Student_193_Jul-24,student193@jul-24.spjain.edu,GMBA,Jan-23,Not Placed,3.86,None,Medium,Low,High
Student_194_Jul-23,student194@jul-24.spjain.edu,GCGM,Jan-24,Not Placed,3.55,High,Low,Medium,None
Student_195_Jan-22,student195@jan-24.spjain.edu,MGB,Jul-23,Placed,3.28,Medium,Low,None,Medium
Student_196_Jan-24,student196@jan-23.spjain.edu,GMBA,Jul-22,Placed,2.54,Medium,Low,Medium,High
Student_197_Jan-24,student197@jan-22.spjain.edu,GMBA,Jan-22,Not Placed,2.89,Medium,None,None,None
Student_198_Jul-23,student198@jan-23.spjain.edu,GMBA,Jul-24,Placed,3.18,Low,Low,Medium,Medium
Student_199_Jan-23,student199@jul-24.spjain.edu,GMBA,Jan-24,Placed,3.57,Low,None,Medium,Low
Student_200_Jan-23,student200@jul-23.spjain.edu,GCGM,Jul-22,Not Placed,3.74,None,None,None,High
Student_201_Jul-22,student201@jul-23.spjain.edu,GCGM,Jul-23,Placed,3.05,High,High,Medium,High
Student_202_Jul-24,student202@jul-23.spjain.edu,MGB,Jul-24,Not Placed,3.6,High,Low,Low,Low
Student_203_Jul-23,student203@jul-24.spjain.edu,MGB,Jul-22,Placed,3.54,High,High,None,Low
Student_204_Jan-24,student204@jan-23.spjain.edu,GCGM,Jan-24,Not Placed,2.67,Medium,Medium,None,Low
Student_205_Jan-22,student205@jan-23.spjain.edu,MGB,Jan-23,Not Placed,2.94,None,Low,Low,High
Student_206_Jan-22,student206@jan-23.spjain.edu,MGB,Jul-22,Placed,3.73,High,None,None,Medium
Student_207_Jan-22,student207@jan-22.spjain.edu,MGB,Jul-23,Not Placed,3.35,Medium,High,High,Low
Student_208_Jul-22,student208@jan-24.spjain.edu,GMBA,Jul-23,Not Placed,3.5,Low,Medium,None,High
Student_209_Jul-23,student209@jul-22.spjain.edu,MGB,Jan-23,Placed,3.94,High,Medium,None,Low
Student_210_Jul-24,student210@jan-22.spjain.edu,GMBA,Jul-24,Not Placed,3.34,None,None,Low,None
Student_211_Jan-24,student211@jan-24.spjain.edu,GCGM,Jul-23,Placed,2.68,Low,None,Medium,Low
Student_212_Jul-22,student212@jul-24.spjain.edu,GMBA,Jul-23,Placed,3.71,Medium,High,None,High
Student_213_Jan-22,student213@jan-23.spjain.edu,MGB,Jul-22,Not Placed,2.54,Medium,High,Medium,None
Student_214_Jan-22,student214@jan-22.spjain.edu,GMBA,Jul-22,Not Placed,2.72,Medium,None,Low,Medium
Student_215_Jul-23,student215@jul-24.spjain.edu,GCGM,Jan-22,Not Placed,2.77,None,Medium,High,None
Student_216_Jan-23,student216@jul-22.spjain.edu,MGB,Jan-23,Not Placed,3.06,None,None,Low,Low
Student_217_Jan-24,student217@jan-24.spjain.edu,GCGM,Jul-23,Not Placed,3.92,Medium,None,Medium,High
Student_218_Jan-24,student218@jul-23.spjain.edu,GCGM,Jul-23,Placed,3.11,Low,None,Medium,None
Student_219_Jul-22,student219@jan-24.spjain.edu,GMBA,Jul-22,Not Placed,3.35,High,None,Low,Low
Student_220_Jan-23,student220@jan-24.spjain.edu,GCGM,Jul-22,Not Placed,3.94,High,None,None,High
Student_221_Jan-24,student221@jan-23.spjain.edu,GMBA,Jul-22,Placed,2.59,High,Medium,Medium,High
Student_222_Jan-23,student222@jul-24.spjain.edu,GCGM,Jan-24,Not Placed,2.57,None,Medium,None,High
Student_223_Jul-24,student223@jan-22.spjain.edu,GCGM,Jul-24,Not Placed,3.82,Low,Medium,Medium,Medium
Student_224_Jul-24,student224@jul-23.spjain.edu,MGB,Jul-22,Not Placed,3.01,High,Medium,None,Low
Student_225_Jul-24,student225@jan-22.spjain.edu,GMBA,Jul-23,Placed,3.85,Low,High,High,High
Student_226_Jan-24,student226@jan-22.spjain.edu,GMBA,Jul-24,Placed,3.31,High,None,Medium,High
Student_227_Jan-24,student227@jan-23.spjain.edu,MGB,Jul-22,Placed,2.69,Medium,Low,High,None
Student_228_Jul-22,student228@jul-24.spjain.edu,GCGM,Jan-23,Not Placed,2.79,Medium,Low,Low,High
Student_229_Jan-23,student229@jan-22.spjain.edu,MGB,Jul-23,Placed,2.51,High,None,Medium,High
Student_230_Jul-22,student230@jan-24.spjain.edu,GCGM,Jul-24,Placed,2.6,Low,None,Low,Medium
Student_231_Jan-24,student231@jul-22.spjain.edu,GMBA,Jul-24,Not Placed,2.79,None,Medium,High,None
Student_232_Jul-23,student232@jul-24.spjain.edu,GMBA,Jul-24,Placed,3.78,Medium,High,High,Medium
Student_233_Jan-22,student233@jul-24.spjain.edu,GMBA,Jul-23,Not Placed,3.04,None,Low,None,Medium
Student_234_Jul-23,student234@jan-24.spjain.edu,MGB,Jan-23,Placed,3.09,Medium,None,None,Low
Student_235_Jul-24,student235@jul-23.spjain.edu,GCGM,Jul-22,Placed,2.75,Medium,None,None,None
Student_236_Jul-23,student236@jul-23.spjain.edu,GCGM,Jan-24,Not Placed,3.76,Low,None,High,Low
Student_237_Jan-23,student237@jan-22.spjain.edu,MGB,Jan-24,Placed,3.92,High,None,High,None
Student_238_Jan-22,student238@jan-22.spjain.edu,GCGM,Jul-23,Not Placed,3.84,None,Low,None,High
Student_239_Jan-22,student239@jan-23.spjain.edu,GMBA,Jul-24,Not Placed,2.6,None,None,Medium,High
Student_240_Jul-23,student240@jan-22.spjain.edu,GMBA,Jul-23,Placed,3.8,None,High,High,High
Student_241_Jul-23,student241@jan-24.spjain.edu,GMBA,Jan-22,Not Placed,3.48,None,High,Medium,Low
Student_242_Jan-22,student242@jan-22.spjain.edu,GCGM,Jan-24,Placed,3.39,Low,Low,Medium,Medium
Student_243_Jul-23,student243@jul-23.spjain.edu,GMBA,Jan-24,Not Placed,2.78,Low,None,None,Low
Student_244_Jan-23,student244@jan-24.spjain.edu,MGB,Jan-24,Not Placed,2.97,Low,Low,High,Medium
Student_245_Jan-24,student245@jan-23.spjain.edu,MGB,Jan-23,Placed,3.28,Low,None,Low,None
Student_246_Jul-23,student246@jan-23.spjain.edu,GCGM,Jul-22,Placed,3.68,Medium,Low,High,High
Student_247_Jan-24,student247@jul-24.spjain.edu,MGB,Jan-24,Not Placed,3.42,High,Medium,Low,None
Student_248_Jul-23,student248@jan-22.spjain.edu,MGB,Jul-22,Placed,3.46,Low,High,Low,Low
Student_249_Jul-23,student249@jul-24.spjain.edu,MGB,Jul-24,Not Placed,2.81,Low,None,Medium,None
Student_250_Jan-22,student250@jan-23.spjain.edu,GCGM,Jan-24,Placed,2.71,High,Low,Medium,None
Student_251_Jan-22,student251@jul-22.spjain.edu,GCGM,Jan-23,Placed,2.83,Medium,Low,Medium,Low
Student_252_Jul-22,student252@jul-22.spjain.edu,GCGM,Jul-22,Not Placed,3.87,None,Low,High,None
Student_253_Jan-23,student253@jul-22.spjain.edu,MGB,Jul-23,Placed,3.05,Medium,Low,High,None
Student_254_Jan-22,student254@jul-22.spjain.edu,GCGM,Jul-22,Placed,3.3,Medium,Medium,High,Low
Student_255_Jan-22,student255@jan-24.spjain.edu,GMBA,Jul-22,Not Placed,3.68,Medium,Low,None,Medium
Student_256_Jul-22,student256@jan-24.spjain.edu,GMBA,Jul-23,Placed,3.59,High,None,Low,High
Student_257_Jul-24,student257@jan-24.spjain.edu,MGB,Jul-23,Not Placed,2.77,Medium,High,High,High
Student_258_Jan-23,student258@jan-24.spjain.edu,MGB,Jul-24,Placed,2.81,Low,High,Low,High
Student_259_Jul-22,student259@jan-23.spjain.edu,MGB,Jul-23,Placed,3.9,Medium,Medium,None,Low
Student_260_Jan-22,student260@jan-23.spjain.edu,MGB,Jan-24,Not Placed,2.85,None,High,Medium,High
Student_261_Jul-23,student261@jul-23.spjain.edu,MGB,Jul-23,Not Placed,3.71,Medium,Medium,High,None
Student_262_Jul-22,student262@jul-23.spjain.edu,GCGM,Jan-23,Placed,3.04,None,Medium,None,Medium
Student_263_Jul-22,student263@jan-22.spjain.edu,GCGM,Jan-22,Not Placed,2.56,Low,Medium,Low,Medium
Student_264_Jan-23,student264@jan-23.spjain.edu,GMBA,Jul-24,Not Placed,2.79,Low,Medium,None,Medium
Student_265_Jan-23,student265@jan-23.spjain.edu,MGB,Jul-23,Placed,3.21,Low,High,Low,Low
Student_266_Jul-24,student266@jul-24.spjain.edu,GCGM,Jul-23,Placed,3.27,High,High,Medium,None
Student_267_Jan-23,student267@jul-22.spjain.edu,MGB,Jul-24,Not Placed,2.81,High,None,Medium,Low
Student_268_Jan-24,student268@jul-22.spjain.edu,MGB,Jul-24,Placed,3.25,Medium,Medium,Low,High
Student_269_Jul-23,student269@jul-24.spjain.edu,MGB,Jul-24,Not Placed,2.99,None,None,Low,Low
Student_270_Jan-23,student270@jan-24.spjain.edu,GMBA,Jan-24,Not Placed,3.97,Low,High,None,High
Student_271_Jul-22,student271@jul-23.spjain.edu,GCGM,Jan-23,Not Placed,3.46,Medium,None,Low,None
Student_272_Jul-24,student272@jan-24.spjain.edu,GCGM,Jan-22,Not Placed,2.54,Low,None,High,Medium
Student_273_Jul-22,student273@jul-22.spjain.edu,MGB,Jul-24,Placed,3.18,Medium,None,Low,Medium
Student_274_Jul-23,student274@jul-23.spjain.edu,GCGM,Jan-22,Placed,3.3,High,None,High,Low
Student_275_Jul-22,student275@jul-22.spjain.edu,MGB,Jul-23,Not Placed,2.74,Medium,Low,High,Medium
Student_276_Jul-22,student276@jan-22.spjain.edu,GCGM,Jul-23,Placed,3.74,Low,Medium,High,High
Student_277_Jul-23,student277@jan-24.spjain.edu,GCGM,Jul-24,Placed,2.93,High,Medium,Medium,High
Student_278_Jan-24,student278@jul-22.spjain.edu,MGB,Jul-22,Placed,3.85,High,High,High,Low
Student_279_Jul-24,student279@jan-24.spjain.edu,GCGM,Jul-23,Placed,2.86,Low,Medium,Medium,None
Student_280_Jul-24,student280@jul-24.spjain.edu,GMBA,Jul-22,Not Placed,3.12,None,Medium,None,None
Student_281_Jan-24,student281@jan-23.spjain.edu,MGB,Jul-23,Placed,2.88,None,High,None,None
Student_282_Jul-24,student282@jul-24.spjain.edu,GMBA,Jul-24,Not Placed,3.07,High,Low,High,None
Student_283_Jan-22,student283@jan-23.spjain.edu,GCGM,Jul-24,Placed,2.99,High,High,High,None
Student_284_Jan-22,student284@jan-24.spjain.edu,GMBA,Jul-22,Not Placed,2.71,Medium,Low,Low,None
Student_285_Jan-24,student285@jan-22.spjain.edu,GCGM,Jan-23,Placed,3.3,High,Low,None,None
Student_286_Jul-24,student286@jan-23.spjain.edu,GCGM,Jul-23,Not Placed,2.77,None,Low,High,None
Student_287_Jul-24,student287@jan-24.spjain.edu,GMBA,Jul-24,Placed,3.09,Medium,High,None,None
Student_288_Jan-22,student288@jul-23.spjain.edu,GCGM,Jul-22,Not Placed,3.86,Low,None,None,High
Student_289_Jan-22,student289@jan-22.spjain.edu,MGB,Jul-22,Placed,2.83,None,Low,Low,None
Student_290_Jul-23,student290@jan-24.spjain.edu,GCGM,Jan-23,Not Placed,3.34,Low,Low,High,High
Student_291_Jan-22,student291@jul-22.spjain.edu,GCGM,Jan-22,Not Placed,2.99,None,High,Medium,None
Student_292_Jul-23,student292@jul-22.spjain.edu,MGB,Jul-22,Placed,3.49,Medium,Medium,None,None
Student_293_Jul-22,student293@jul-23.spjain.edu,MGB,Jan-24,Not Placed,3.97,None,Low,Medium,None
Student_294_Jan-24,student294@jan-23.spjain.edu,GMBA,Jul-24,Not Placed,3.52,Low,Medium,Low,Medium
Student_295_Jul-24,student295@jul-23.spjain.edu,GCGM,Jan-23,Placed,3.41,High,High,Low,None
Student_296_Jul-22,student296@jan-22.spjain.edu,GMBA,Jan-22,Not Placed,2.85,High,Low,None,None
Student_297_Jul-22,student297@jan-23.spjain.edu,MGB,Jan-23,Placed,2.73,Low,None,Low,High
Student_298_Jul-24,student298@jan-23.spjain.edu,GCGM,Jan-23,Not Placed,3.47,None,High,Medium,None
Student_299_Jul-22,student299@jul-24.spjain.edu,MGB,Jan-23,Placed,2.81,None,Low,Low,High
Student_300_Jan-24,student300@jan-23.spjain.edu,GCGM,Jul-23,Placed,2.6,High,None,Low,None
Student_301_Jul-24,student301@jul-22.spjain.edu,GCGM,Jul-22,Placed,2.76,Low,Low,None,High
Student_302_Jul-24,student302@jul-23.spjain.edu,MGB,Jul-22,Placed,2.87,Low,Low,Medium,Medium
Student_303_Jan-24,student303@jul-23.spjain.edu,GMBA,Jul-22,Not Placed,3.79,High,None,Medium,High
Student_304_Jul-23,student304@jul-22.spjain.edu,MGB,Jul-23,Not Placed,3.26,High,Low,High,None
Student_305_Jul-23,student305@jul-23.spjain.edu,GCGM,Jan-23,Placed,3.33,Low,Medium,High,High
Student_306_Jan-23,student306@jul-23.spjain.edu,MGB,Jul-23,Not Placed,2.61,Low,High,Low,Low
Student_307_Jul-22,student307@jan-22.spjain.edu,GCGM,Jan-24,Not Placed,3.24,High,High,Medium,High
Student_308_Jul-23,student308@jan-23.spjain.edu,GMBA,Jan-24,Placed,3.11,None,None,High,Low
Student_309_Jul-22,student309@jul-23.spjain.edu,MGB,Jul-24,Not Placed,3.26,High,Medium,None,High
Student_310_Jul-23,student310@jul-24.spjain.edu,GCGM,Jul-22,Not Placed,2.55,Medium,None,Low,Medium
Student_311_Jan-24,student311@jul-23.spjain.edu,GMBA,Jul-22,Not Placed,2.87,Low,None,None,None
Student_312_Jul-24,student312@jul-24.spjain.edu,MGB,Jul-23,Placed,3.28,Low,High,Low,High
Student_313_Jan-23,student313@jul-24.spjain.edu,MGB,Jan-24,Not Placed,3.38,High,None,None,Medium
Student_314_Jul-22,student314@jan-23.spjain.edu,GMBA,Jul-22,Not Placed,3.55,None,Low,High,None
Student_315_Jan-22,student315@jan-22.spjain.edu,GMBA,Jul-23,Not Placed,3.48,High,Low,Low,Medium
Student_316_Jul-22,student316@jul-24.spjain.edu,GCGM,Jul-22,Not Placed,2.77,None,High,Low,Low
Student_317_Jul-22,student317@jan-22.spjain.edu,GMBA,Jul-22,Placed,2.89,High,High,None,Low
Student_318_Jan-22,student318@jan-23.spjain.edu,GCGM,Jul-23,Placed,2.92,Medium,None,Low,High
Student_319_Jul-23,student319@jul-24.spjain.edu,GCGM,Jan-22,Placed,2.9,None,None,None,Low
Student_320_Jan-24,student320@jan-22.spjain.edu,MGB,Jan-24,Not Placed,3.9,High,Medium,High,Medium
Student_321_Jan-23,student321@jul-24.spjain.edu,MGB,Jan-23,Placed,3.91,High,High,None,Medium
Student_322_Jan-23,student322@jan-22.spjain.edu,GCGM,Jul-23,Not Placed,3.59,Low,None,None,Medium
Student_323_Jul-24,student323@jul-22.spjain.edu,MGB,Jul-23,Not Placed,3.27,Low,None,Medium,None
Student_324_Jul-24,student324@jan-23.spjain.edu,GCGM,Jul-24,Not Placed,3.52,Low,High,High,None
Student_325_Jan-23,student325@jul-23.spjain.edu,MGB,Jul-24,Placed,3.6,Medium,Low,Low,None
Student_326_Jul-22,student326@jul-23.spjain.edu,GCGM,Jan-23,Not Placed,2.75,High,None,High,Low
Student_327_Jul-22,student327@jul-22.spjain.edu,GCGM,Jul-24,Placed,2.66,None,Low,Medium,High
Student_328_Jan-23,student328@jul-22.spjain.edu,GMBA,Jan-23,Not Placed,3.93,None,Low,High,None
Student_329_Jul-24,student329@jan-23.spjain.edu,GCGM,Jan-24,Placed,3.47,High,High,High,Low
Student_330_Jul-22,student330@jan-23.spjain.edu,GCGM,Jan-23,Placed,2.67,Medium,Low,None,Medium
Student_331_Jul-22,student331@jan-23.spjain.edu,MGB,Jan-24,Placed,2.97,Low,High,High,Medium
Student_332_Jan-23,student332@jul-24.spjain.edu,GCGM,Jan-24,Placed,2.66,None,High,Medium,Low
Student_333_Jan-23,student333@jul-22.spjain.edu,MGB,Jul-24,Not Placed,2.72,Medium,Low,None,Medium
Student_334_Jan-23,student334@jan-24.spjain.edu,GMBA,Jan-22,Not Placed,4.0,High,Low,High,Medium
Student_335_Jul-24,student335@jul-23.spjain.edu,GCGM,Jan-23,Placed,3.74,Low,Low,None,Low
Student_336_Jul-23,student336@jul-24.spjain.edu,MGB,Jan-23,Placed,3.99,High,Medium,High,High
Student_337_Jan-23,student337@jul-23.spjain.edu,MGB,Jan-22,Not Placed,2.92,Low,High,None,Low
Student_338_Jan-23,student338@jan-24.spjain.edu,GCGM,Jul-24,Not Placed,3.19,Low,Low,High,High
Student_339_Jan-23,student339@jul-22.spjain.edu,GCGM,Jul-22,Placed,3.6,None,Medium,None,Low
Student_340_Jul-23,student340@jul-23.spjain.edu,GMBA,Jul-22,Placed,2.64,High,Low,None,None
Student_341_Jan-24,student341@jul-24.spjain.edu,MGB,Jan-24,Not Placed,3.95,High,Low,None,None
Student_342_Jul-22,student342@jul-23.spjain.edu,MGB,Jan-23,Placed,3.48,High,None,High,High
Student_343_Jan-23,student343@jul-24.spjain.edu,GMBA,Jul-23,Not Placed,2.52,None,None,None,High
Student_344_Jul-24,student344@jul-24.spjain.edu,GMBA,Jul-22,Placed,3.38,High,Medium,None,Low
Student_345_Jul-23,student345@jul-23.spjain.edu,GMBA,Jul-24,Not Placed,2.95,Low,None,Medium,None
Student_346_Jul-24,student346@jan-24.spjain.edu,GCGM,Jul-23,Placed,3.09,High,None,None,Low
Student_347_Jul-24,student347@jan-22.spjain.edu,GCGM,Jan-24,Placed,2.51,High,Medium,None,None
Student_348_Jul-22,student348@jan-24.spjain.edu,GCGM,Jul-24,Placed,2.63,Medium,None,None,None
Student_349_Jan-24,student349@jan-23.spjain.edu,MGB,Jan-24,Placed,3.13,None,Low,Medium,None
Student_350_Jan-24,student350@jan-23.spjain.edu,GMBA,Jan-24,Not Placed,2.71,High,Medium,Medium,Low
Student_351_Jul-24,student351@jan-22.spjain.edu,GMBA,Jan-22,Placed,2.56,Low,Medium,Low,Low
Student_352_Jan-24,student352@jan-24.spjain.edu,GCGM,Jan-24,Not Placed,2.92,High,None,Medium,Medium
Student_353_Jul-23,student353@jul-24.spjain.edu,GCGM,Jul-23,Not Placed,2.62,Medium,High,Low,Low
Student_354_Jan-22,student354@jul-24.spjain.edu,GMBA,Jan-23,Placed,3.57,Low,High,Low,Medium
Student_355_Jul-23,student355@jul-23.spjain.edu,GCGM,Jan-24,Placed,2.62,None,None,High,None
Student_356_Jan-23,student356@jul-24.spjain.edu,GCGM,Jan-23,Not Placed,3.67,Low,Low,Medium,None
Student_357_Jan-22,student357@jul-23.spjain.edu,GCGM,Jul-23,Placed,3.67,None,Low,Medium,High
Student_358_Jan-22,student358@jan-24.spjain.edu,MGB,Jul-24,Not Placed,3.33,None,None,Low,Medium
Student_359_Jul-23,student359@jul-22.spjain.edu,MGB,Jul-24,Not Placed,3.22,Low,Medium,None,Low
Student_360_Jul-24,student360@jul-22.spjain.edu,GCGM,Jul-23,Not Placed,2.58,Medium,Low,High,High
Student_361_Jul-22,student361@jul-23.spjain.edu,MGB,Jul-23,Not Placed,2.91,High,Low,Medium,None
Student_362_Jan-23,student362@jul-23.spjain.edu,MGB,Jan-22,Placed,2.62,Low,None,Low,None
Student_363_Jan-22,student363@jul-24.spjain.edu,MGB,Jan-24,Not Placed,3.71,None,High,Low,High
Student_364_Jul-23,student364@jan-24.spjain.edu,GMBA,Jul-24,Placed,3.11,Low,None,High,Medium
Student_365_Jul-22,student365@jul-24.spjain.edu,GMBA,Jan-24,Placed,3.41,Low,Low,Low,None
Student_366_Jan-23,student366@jul-22.spjain.edu,GMBA,Jan-23,Placed,3.13,High,Low,Medium,None
Student_367_Jan-23,student367@jul-24.spjain.edu,GCGM,Jan-24,Placed,2.94,High,Medium,Medium,Low
Student_368_Jan-22,student368@jul-24.spjain.edu,GMBA,Jan-24,Not Placed,2.83,Medium,None,High,High
Student_369_Jan-22,student369@jan-23.spjain.edu,GCGM,Jan-24,Not Placed,2.99,Medium,None,None,Medium
Student_370_Jul-24,student370@jul-22.spjain.edu,MGB,Jan-23,Placed,2.65,High,Low,None,Low
Student_371_Jul-23,student371@jan-22.spjain.edu,MGB,Jan-22,Placed,3.65,Medium,Low,High,High
Student_372_Jan-23,student372@jan-23.spjain.edu,MGB,Jul-23,Placed,3.3,Medium,None,High,High
Student_373_Jul-22,student373@jul-22.spjain.edu,MGB,Jul-24,Not Placed,2.51,Low,None,Low,Medium
Student_374_Jan-22,student374@jul-22.spjain.edu,MGB,Jul-23,Not Placed,3.85,Low,Low,High,Medium
Student_375_Jan-22,student375@jul-23.spjain.edu,MGB,Jan-24,Not Placed,3.7,Low,Medium,High,High
Student_376_Jul-22,student376@jan-22.spjain.edu,GCGM,Jan-22,Placed,2.73,None,Low,None,Medium
Student_377_Jul-23,student377@jan-24.spjain.edu,GMBA,Jan-22,Not Placed,3.22,Medium,High,None,High
Student_378_Jul-22,student378@jan-24.spjain.edu,GCGM,Jul-24,Placed,2.87,None,Medium,Low,High
Student_379_Jul-22,student379@jul-23.spjain.edu,GMBA,Jan-22,Placed,2.78,Low,Low,None,Low
Student_380_Jul-23,student380@jan-22.spjain.edu,MGB,Jul-22,Placed,3.14,Low,None,None,High
Student_381_Jul-23,student381@jan-24.spjain.edu,MGB,Jul-24,Placed,2.83,High,High,None,High
Student_382_Jul-24,student382@jan-22.spjain.edu,MGB,Jan-22,Not Placed,3.05,Medium,High,Low,Medium
Student_383_Jan-22,student383@jul-22.spjain.edu,GCGM,Jan-22,Placed,3.49,Medium,Low,Medium,High
Student_384_Jan-23,student384@jan-24.spjain.edu,GCGM,Jul-23,Placed,2.88,High,Medium,Medium,Medium
Student_385_Jan-22,student385@jan-22.spjain.edu,GMBA,Jan-22,Placed,3.0,Medium,Medium,Low,Medium
Student_386_Jul-22,student386@jan-24.spjain.edu,MGB,Jan-22,Placed,2.7,None,None,Low,Low
Student_387_Jul-24,student387@jul-23.spjain.edu,GCGM,Jan-22,Not Placed,2.95,High,Low,Low,None
Student_388_Jul-22,student388@jul-22.spjain.edu,MGB,Jan-24,Not Placed,3.84,Medium,Medium,High,None
Student_389_Jul-23,student389@jan-22.spjain.edu,MGB,Jul-23,Placed,2.75,Medium,Low,Medium,None
Student_390_Jan-24,student390@jan-22.spjain.edu,GMBA,Jul-22,Not Placed,3.24,None,Low,High,High
Student_391_Jan-24,student391@jul-23.spjain.edu,MGB,Jan-24,Not Placed,2.81,None,Low,Low,None
Student_392_Jan-24,student392@jul-23.spjain.edu,GMBA,Jul-24,Not Placed,2.96,Low,Medium,Medium,None
Student_393_Jul-22,student393@jul-22.spjain.edu,GCGM,Jan-24,Placed,2.94,Low,Medium,Low,Medium
Student_394_Jan-22,student394@jul-24.spjain.edu,GCGM,Jul-22,Placed,2.5,Medium,Medium,Medium,None
Student_395_Jul-24,student395@jan-24.spjain.edu,MGB,Jul-24,Placed,3.11,Medium,Medium,None,None
Student_396_Jan-23,student396@jul-22.spjain.edu,GMBA,Jan-23,Placed,2.88,None,None,High,Medium
Student_397_Jul-24,student397@jul-24.spjain.edu,GMBA,Jan-24,Placed,3.73,Low,Medium,Medium,Low
Student_398_Jan-24,student398@jul-24.spjain.edu,MGB,Jul-22,Not Placed,2.85,High,Medium,Low,High
Student_399_Jan-22,student399@jul-23.spjain.edu,GCGM,Jul-23,Placed,3.72,Low,Low,High,Low
Student_400_Jul-24,student400@jan-23.spjain.edu,GCGM,Jan-23,Placed,3.83,High,Low,None,Low
Student_401_Jan-22,student401@jul-23.spjain.edu,GCGM,Jul-23,Not Placed,2.65,Low,None,None,High
Student_402_Jul-23,student402@jan-22.spjain.edu,GCGM,Jan-22,Placed,2.7,None,Medium,Low,None
Student_403_Jan-22,student403@jan-22.spjain.edu,GMBA,Jul-24,Not Placed,3.78,None,Low,Low,High
Student_404_Jan-24,student404@jul-23.spjain.edu,GCGM,Jan-23,Not Placed,3.22,Low,None,Medium,None
Student_405_Jan-22,student405@jan-22.spjain.edu,GCGM,Jan-24,Not Placed,2.65,High,Low,None,Low
Student_406_Jan-22,student406@jul-22.spjain.edu,MGB,Jul-23,Placed,3.03,Medium,Low,High,None
Student_407_Jul-23,student407@jul-22.spjain.edu,GCGM,Jul-22,Placed,3.93,Medium,Medium,None,Medium
Student_408_Jan-22,student408@jan-23.spjain.edu,GCGM,Jan-22,Placed,2.77,Medium,Low,High,Low
Student_409_Jul-24,student409@jul-24.spjain.edu,MGB,Jan-24,Not Placed,3.02,None,Medium,High,Medium
Student_410_Jan-23,student410@jul-24.spjain.edu,GCGM,Jan-22,Placed,3.67,Low,Medium,Low,High
Student_411_Jul-23,student411@jul-24.spjain.edu,MGB,Jan-22,Placed,3.37,Medium,Low,None,Medium
Student_412_Jul-22,student412@jul-22.spjain.edu,MGB,Jan-23,Not Placed,3.24,High,High,Medium,Low
Student_413_Jul-24,student413@jul-22.spjain.edu,MGB,Jul-23,Not Placed,3.31,High,Low,High,None
Student_414_Jan-24,student414@jul-24.spjain.edu,MGB,Jan-24,Placed,3.55,Low,Medium,None,Low
Student_415_Jan-22,student415@jan-23.spjain.edu,GMBA,Jul-23,Placed,3.88,None,Medium,Medium,Low
Student_416_Jan-23,student416@jul-23.spjain.edu,GCGM,Jan-24,Not Placed,2.86,Low,None,Low,None
Student_417_Jul-24,student417@jul-24.spjain.edu,GCGM,Jul-23,Placed,3.54,High,Medium,None,None
Student_418_Jul-24,student418@jan-24.spjain.edu,GCGM,Jul-23,Placed,2.55,Medium,Low,None,Low
Student_419_Jan-22,student419@jan-22.spjain.edu,GMBA,Jul-23,Placed,3.65,High,Low,Medium,High
Student_420_Jul-23,student420@jul-24.spjain.edu,MGB,Jul-23,Placed,2.93,Low,None,None,Low
Student_421_Jan-24,student421@jul-22.spjain.edu,GCGM,Jul-23,Not Placed,3.52,High,Medium,Medium,Low
Student_422_Jul-23,student422@jul-22.spjain.edu,MGB,Jan-22,Not Placed,3.97,Low,Low,High,None
Student_423_Jul-22,student423@jul-23.spjain.edu,GCGM,Jul-24,Placed,3.72,High,High,Medium,High
Student_424_Jul-23,student424@jul-22.spjain.edu,GCGM,Jan-23,Not Placed,2.79,None,None,None,Medium
Student_425_Jan-24,student425@jan-23.spjain.edu,GCGM,Jul-22,Not Placed,2.74,None,None,Low,None
Student_426_Jan-23,student426@jul-22.spjain.edu,GMBA,Jul-22,Placed,2.86,None,None,High,None
Student_427_Jan-22,student427@jan-23.spjain.edu,GCGM,Jan-23,Placed,3.97,Medium,High,Low,Medium
Student_428_Jul-23,student428@jul-24.spjain.edu,MGB,Jul-22,Placed,3.0,None,Low,None,High
Student_429_Jul-23,student429@jan-24.spjain.edu,GCGM,Jan-23,Placed,2.73,High,None,None,Low
Student_430_Jul-22,student430@jul-24.spjain.edu,GMBA,Jul-22,Placed,3.99,Medium,High,Low,Medium
Student_431_Jan-23,student431@jan-23.spjain.edu,GMBA,Jul-23,Placed,3.84,High,Low,Low,None
Student_432_Jul-22,student432@jan-24.spjain.edu,GMBA,Jul-23,Placed,3.71,Low,Medium,None,High
Student_433_Jan-22,student433@jul-23.spjain.edu,MGB,Jul-22,Not Placed,2.74,Medium,Medium,Medium,None
Student_434_Jan-22,student434@jul-22.spjain.edu,GMBA,Jul-23,Not Placed,3.98,Medium,High,Low,None
Student_435_Jan-24,student435@jul-23.spjain.edu,GCGM,Jan-23,Not Placed,3.1,Low,High,Medium,Medium
Student_436_Jan-23,student436@jan-22.spjain.edu,GMBA,Jul-23,Not Placed,2.89,None,None,Low,None
Student_437_Jul-22,student437@jan-22.spjain.edu,MGB,Jul-23,Placed,3.36,None,Low,High,High
Student_438_Jul-24,student438@jan-22.spjain.edu,MGB,Jul-23,Not Placed,3.46,High,None,None,Low
Student_439_Jul-24,student439@jan-22.spjain.edu,MGB,Jul-23,Placed,3.1,None,Medium,Medium,High
Student_440_Jul-22,student440@jul-24.spjain.edu,GMBA,Jul-23,Placed,2.92,None,Low,High,Low
Student_441_Jul-24,student441@jul-22.spjain.edu,MGB,Jan-24,Placed,3.98,High,None,Medium,High
Student_442_Jul-23,student442@jul-22.spjain.edu,GCGM,Jul-22,Placed,3.93,High,Medium,Medium,Low
Student_443_Jan-22,student443@jul-22.spjain.edu,GCGM,Jan-23,Not Placed,2.62,High,High,Low,Medium
Student_444_Jul-22,student444@jan-22.spjain.edu,GCGM,Jul-23,Not Placed,3.95,Medium,Low,Low,Medium
Student_445_Jul-23,student445@jul-23.spjain.edu,MGB,Jan-24,Placed,3.95,High,Medium,High,None
Student_446_Jan-24,student446@jan-24.spjain.edu,GCGM,Jan-22,Placed,2.99,Medium,None,Low,High
Student_447_Jul-22,student447@jul-23.spjain.edu,MGB,Jan-22,Not Placed,2.89,None,High,Low,High
Student_448_Jul-24,student448@jan-24.spjain.edu,GCGM,Jan-22,Placed,3.62,Low,High,Low,High
Student_449_Jul-22,student449@jan-23.spjain.edu,GCGM,Jul-22,Placed,3.06,Medium,None,Medium,Medium
Student_450_Jan-24,student450@jan-22.spjain.edu,GMBA,Jul-23,Not Placed,3.12,Medium,Medium,High,Medium
Student_451_Jan-22,student451@jul-22.spjain.edu,MGB,Jul-23,Not Placed,2.77,Low,High,High,Medium
Student_452_Jul-24,student452@jul-24.spjain.edu,GMBA,Jul-23,Not Placed,3.55,None,None,None,None
Student_453_Jul-24,student453@jan-22.spjain.edu,GMBA,Jul-23,Placed,3.24,None,High,None,Medium
Student_454_Jul-23,student454@jul-22.spjain.edu,GCGM,Jul-23,Not Placed,2.67,High,None,Medium,High
Student_455_Jul-23,student455@jul-24.spjain.edu,GMBA,Jul-24,Not Placed,2.51,Medium,Low,Medium,Medium
Student_456_Jul-24,student456@jan-23.spjain.edu,MGB,Jul-23,Placed,2.51,High,None,None,None
Student_457_Jul-22,student457@jan-23.spjain.edu,GMBA,Jul-24,Not Placed,3.0,High,Low,High,Low
Student_458_Jan-24,student458@jul-24.spjain.edu,MGB,Jan-22,Not Placed,2.69,High,Low,High,Medium
Student_459_Jan-24,student459@jul-22.spjain.edu,MGB,Jul-22,Placed,3.57,Low,None,High,Medium
Student_460_Jan-24,student460@jul-22.spjain.edu,MGB,Jul-22,Placed,2.64,High,None,Low,None
Student_461_Jan-24,student461@jul-24.spjain.edu,GMBA,Jan-22,Not Placed,2.54,Low,High,Medium,Low
Student_462_Jul-22,student462@jul-24.spjain.edu,GCGM,Jan-23,Placed,3.3,Low,High,Medium,None
Student_463_Jan-23,student463@jan-22.spjain.edu,GCGM,Jul-24,Placed,3.46,None,None,High,None
Student_464_Jan-22,student464@jul-22.spjain.edu,MGB,Jan-23,Placed,2.64,High,Medium,Low,High
Student_465_Jan-22,student465@jul-23.spjain.edu,GCGM,Jul-23,Placed,3.23,None,Low,High,High
Student_466_Jan-23,student466@jul-24.spjain.edu,MGB,Jul-22,Placed,2.95,Low,None,None,Medium
Student_467_Jan-23,student467@jul-23.spjain.edu,GMBA,Jan-24,Placed,2.74,Medium,None,Low,None
Student_468_Jan-24,student468@jan-22.spjain.edu,GMBA,Jan-24,Placed,2.82,Medium,None,Low,None
Student_469_Jan-23,student469@jul-22.spjain.edu,GCGM,Jan-22,Placed,2.9,High,Low,None,Medium
Student_470_Jul-24,student470@jan-24.spjain.edu,GMBA,Jan-23,Not Placed,3.62,High,High,High,Low
Student_471_Jan-23,student471@jul-22.spjain.edu,GCGM,Jul-24,Not Placed,3.94,None,Medium,Low,Low
Student_472_Jul-24,student472@jul-23.spjain.edu,MGB,Jul-23,Not Placed,3.39,Medium,Medium,None,High
Student_473_Jul-23,student473@jul-22.spjain.edu,GMBA,Jan-23,Not Placed,3.85,None,High,Low,None
Student_474_Jan-24,student474@jan-23.spjain.edu,GMBA,Jul-23,Not Placed,3.41,Medium,High,None,None
Student_475_Jul-22,student475@jan-23.spjain.edu,MGB,Jul-22,Not Placed,2.87,Low,Medium,Medium,Low
Student_476_Jan-23,student476@jan-22.spjain.edu,GCGM,Jan-23,Placed,3.58,Low,High,Medium,Low
Student_477_Jan-24,student477@jan-22.spjain.edu,MGB,Jan-23,Placed,3.29,None,Medium,None,High
Student_478_Jul-24,student478@jul-23.spjain.edu,MGB,Jan-23,Placed,2.8,High,High,None,Medium
Student_479_Jul-23,student479@jan-22.spjain.edu,GCGM,Jul-23,Placed,3.4,High,Low,None,Medium
Student_480_Jan-22,student480@jul-24.spjain.edu,GMBA,Jan-22,Not Placed,2.93,High,None,None,Medium
Student_481_Jul-24,student481@jan-22.spjain.edu,GCGM,Jul-23,Placed,3.74,High,Medium,Medium,Medium
Student_482_Jan-23,student482@jul-23.spjain.edu,GCGM,Jan-24,Not Placed,3.24,None,High,Medium,High
Student_483_Jul-23,student483@jul-24.spjain.edu,GCGM,Jan-23,Placed,2.54,None,None,Low,None
Student_484_Jan-23,student484@jul-24.spjain.edu,GMBA,Jul-23,Placed,2.76,Low,Medium,None,None
Student_485_Jan-23,student485@jan-22.spjain.edu,GCGM,Jan-22,Not Placed,2.61,Medium,High,Medium,Low
Student_486_Jul-22,student486@jan-24.spjain.edu,MGB,Jan-22,Placed,2.98,Low,High,High,None
Student_487_Jan-24,student487@jan-24.spjain.edu,GCGM,Jan-24,Not Placed,3.49,Medium,Medium,High,Low
Student_488_Jan-22,student488@jan-23.spjain.edu,MGB,Jul-24,Placed,3.03,Low,Low,None,None
Student_489_Jul-23,student489@jan-22.spjain.edu,GCGM,Jan-22,Placed,3.2,High,Low,High,None
Student_490_Jan-23,student490@jul-22.spjain.edu,GMBA,Jan-24,Not Placed,3.64,Medium,High,Low,None
Student_491_Jul-22,student491@jul-22.spjain.edu,MGB,Jul-23,Not Placed,3.8,Low,High,Low,None
Student_492_Jan-23,student492@jul-23.spjain.edu,GCGM,Jul-24,Not Placed,3.93,None,Low,High,None
Student_493_Jul-24,student493@jan-22.spjain.edu,GCGM,Jan-22,Not Placed,2.78,None,High,High,Medium
Student_494_Jan-23,student494@jan-22.spjain.edu,GMBA,Jan-22,Not Placed,3.15,Low,High,High,Medium
Student_495_Jan-22,student495@jul-23.spjain.edu,MGB,Jan-23,Placed,2.57,High,High,Low,Medium
Student_496_Jul-22,student496@jul-23.spjain.edu,GCGM,Jan-24,Not Placed,3.29,High,High,None,None
Student_497_Jul-24,student497@jul-22.spjain.edu,GCGM,Jul-22,Placed,2.58,None,Medium,Low,None
Student_498_Jan-24,student498@jan-22.spjain.edu,MGB,Jul-22,Not Placed,3.09,None,Low,Medium,High
Student_499_Jul-22,student499@jul-22.spjain.edu,GCGM,Jan-23,Not Placed,3.56,Medium,None,None,Low
Student_500_Jan-24,student500@jul-24.spjain.edu,GMBA,Jul-23,Not Placed,3.78,Low,Low,Medium,None
