Course,Cohort,Year,Industry_Sector,Company Name,Company_Tier,Job_role,Location,No. of Vacancies_Offered,Date of first interview(mm/dd/yyyy),No. of Students_Eligible,No. of students applied,No. of Students_Interviewed,Students_Selected,Avg_CTC(in USD),Highest_CTC(in USD),Students used JPT(Yes/No)
MGB,Jan-24,2022,Finance,Microsoft,Tier 2,Finance Analyst,Chennai,7,06/04/2025,30,28,20,8,23.5,27.4,No
MGB,Jul-24,2023,Manufacturing,KPMG,Tier 3,Manufacturing Manager,Chennai,13,09/14/2025,32,26,21,10,20.3,25.9,Yes
MGB,Jan-24,2024,Technology,EY,Tier 2,Technology Lead,Chennai,14,08/05/2025,28,25,23,15,8.5,13.6,Yes
GCGM,Jul-23,2022,Retail,Amazon,Tier 2,Retail Consultant,Kolkata,2,08/04/2025,22,17,17,7,21.6,26.4,Yes
GMBA,Jan-23,2022,Consulting,Infosys,Tier 1,Consulting Specialist,Delhi,5,08/15/2025,47,34,29,10,20.3,23.2,No
GCGM,Jan-22,2023,Healthcare,Google,Tier 3,Healthcare Consultant,Pune,8,07/05/2025,42,31,28,18,14.4,19.2,Yes
GMBA,Jul-24,2024,Education,Deloitte,Tier 2,Education Analyst,Bangalore,15,07/30/2025,41,37,34,22,17.1,21.2,Yes
GMBA,Jul-22,2022,Consulting,TCS,Tier 2,Consulting Specialist,Bangalore,10,08/07/2025,46,27,27,17,20.8,28.3,Yes
GMBA,Jul-23,2022,Consulting,TCS,Tier 2,Consulting Manager,Mumbai,7,06/09/2025,32,29,22,12,10.6,14.4,Yes
GMBA,Jul-23,2022,Healthcare,Amazon,Tier 3,Healthcare Consultant,Hyderabad,15,07/05/2025,23,20,20,7,13.9,20.3,Yes
MGB,Jan-23,2024,Manufacturing,KPMG,Tier 2,Manufacturing Analyst,Pune,9,04/23/2025,20,19,18,11,15.2,17.5,No
GMBA,Jul-23,2024,Consulting,EY,Tier 2,Consulting Analyst,Pune,7,08/17/2025,47,45,36,13,21.4,29.2,Yes
MGB,Jul-23,2023,Retail,Accenture,Tier 3,Retail Analyst,Bangalore,5,04/24/2025,36,35,30,10,15.9,18.1,No
GCGM,Jul-23,2023,Healthcare,Infosys,Tier 2,Healthcare Manager,Pune,6,04/15/2025,44,26,26,11,11.0,15.2,Yes
GMBA,Jul-22,2024,Technology,KPMG,Tier 2,Technology Specialist,Pune,2,06/06/2025,37,34,26,9,9.4,12.0,No
GCGM,Jul-22,2024,Healthcare,Accenture,Tier 3,Healthcare Analyst,Hyderabad,5,06/19/2025,49,45,40,26,8.7,12.7,Yes
GCGM,Jul-23,2022,Retail,Accenture,Tier 3,Retail Consultant,Bangalore,8,05/01/2025,32,19,14,8,20.3,26.7,No
MGB,Jan-23,2024,Manufacturing,Infosys,Tier 3,Manufacturing Consultant,Hyderabad,15,07/16/2025,45,34,34,11,14.4,19.2,Yes
GCGM,Jan-23,2023,Healthcare,KPMG,Tier 1,Healthcare Specialist,Pune,6,04/24/2025,28,16,14,7,8.3,12.8,No
MGB,Jan-24,2023,Finance,Google,Tier 1,Finance Lead,Mumbai,13,07/02/2025,30,21,15,8,20.4,26.0,No
GCGM,Jan-24,2024,Manufacturing,PwC,Tier 1,Manufacturing Consultant,Bangalore,7,04/05/2025,30,23,23,8,15.9,22.3,No
GMBA,Jan-24,2023,Healthcare,Infosys,Tier 1,Healthcare Manager,Pune,15,07/12/2025,38,24,23,14,24.7,27.2,No
GCGM,Jan-23,2024,Retail,PwC,Tier 2,Retail Specialist,Mumbai,4,07/26/2025,39,28,28,13,17.6,22.1,No
MGB,Jul-22,2022,Finance,EY,Tier 2,Finance Specialist,Hyderabad,15,05/07/2025,23,14,12,4,11.6,14.3,No
GMBA,Jul-24,2023,Education,Accenture,Tier 1,Education Lead,Chennai,11,05/10/2025,28,21,19,15,9.8,17.1,No
MGB,Jan-22,2024,Education,TCS,Tier 2,Education Manager,Chennai,14,05/29/2025,34,24,23,8,23.7,26.8,Yes
GMBA,Jan-24,2024,Healthcare,Google,Tier 3,Healthcare Analyst,Pune,8,04/24/2025,33,25,20,16,8.5,11.8,No
GMBA,Jul-24,2023,Consulting,Microsoft,Tier 3,Consulting Lead,Delhi,4,05/17/2025,38,37,35,12,24.2,26.3,Yes
GCGM,Jul-22,2024,Healthcare,Amazon,Tier 2,Healthcare Specialist,Pune,15,05/30/2025,27,18,15,7,13.5,17.2,Yes
GCGM,Jul-22,2023,Healthcare,KPMG,Tier 1,Healthcare Analyst,Kolkata,4,09/23/2025,34,28,20,15,22.2,29.5,Yes
GMBA,Jan-22,2024,Education,Deloitte,Tier 3,Education Lead,Chennai,15,04/12/2025,32,20,20,12,24.3,31.6,Yes
GMBA,Jul-24,2024,Healthcare,PwC,Tier 3,Healthcare Specialist,Mumbai,6,06/07/2025,45,39,38,12,14.2,20.5,Yes
GCGM,Jul-23,2022,Finance,Google,Tier 2,Finance Manager,Kolkata,15,08/31/2025,38,25,19,10,15.0,19.1,No
MGB,Jul-24,2023,Healthcare,Google,Tier 3,Healthcare Lead,Chennai,14,07/16/2025,27,20,16,8,19.7,23.7,Yes
GMBA,Jul-24,2023,Finance,Amazon,Tier 3,Finance Specialist,Bangalore,2,06/04/2025,27,21,19,9,13.2,19.5,No
GCGM,Jan-24,2023,Retail,Amazon,Tier 3,Retail Consultant,Delhi,4,04/28/2025,39,32,28,12,18.8,21.0,Yes
MGB,Jul-24,2022,Consulting,Infosys,Tier 3,Consulting Lead,Hyderabad,13,05/19/2025,47,44,36,25,18.5,21.5,No
GCGM,Jul-24,2022,Consulting,EY,Tier 2,Consulting Manager,Kolkata,9,07/29/2025,40,29,28,15,11.0,18.4,No
GMBA,Jan-22,2024,Finance,TCS,Tier 1,Finance Lead,Bangalore,11,07/28/2025,44,29,23,11,16.5,21.9,Yes
GMBA,Jan-24,2022,Retail,Accenture,Tier 1,Retail Analyst,Chennai,12,06/02/2025,23,18,16,5,12.6,20.4,Yes
GCGM,Jan-24,2023,Consulting,TCS,Tier 3,Consulting Lead,Delhi,13,07/15/2025,49,49,41,19,19.7,24.5,Yes
MGB,Jul-23,2022,Retail,TCS,Tier 1,Retail Lead,Delhi,10,09/11/2025,29,17,12,4,12.1,18.7,No
MGB,Jan-23,2024,Finance,Google,Tier 2,Finance Analyst,Mumbai,9,04/29/2025,22,20,15,5,17.2,20.5,No
MGB,Jul-23,2024,Retail,Google,Tier 2,Retail Consultant,Kolkata,12,07/02/2025,26,24,23,6,12.3,16.7,No
MGB,Jul-24,2023,Consulting,EY,Tier 3,Consulting Analyst,Bangalore,6,08/09/2025,47,45,34,20,12.7,18.0,No
MGB,Jan-23,2024,Consulting,Microsoft,Tier 3,Consulting Lead,Chennai,9,08/09/2025,25,17,11,6,19.4,22.0,Yes
MGB,Jan-24,2022,Education,Google,Tier 1,Education Lead,Delhi,6,04/05/2025,36,30,26,19,17.0,19.6,Yes
GMBA,Jul-23,2024,Finance,Accenture,Tier 1,Finance Lead,Kolkata,8,06/10/2025,45,32,24,16,19.3,23.2,No
GMBA,Jan-23,2023,Consulting,TCS,Tier 2,Consulting Manager,Kolkata,15,06/08/2025,29,22,17,9,13.7,17.8,No
GMBA,Jul-22,2022,Technology,Deloitte,Tier 2,Technology Manager,Mumbai,8,07/11/2025,31,28,21,13,21.0,23.2,No
GMBA,Jul-23,2023,Consulting,Microsoft,Tier 2,Consulting Analyst,Kolkata,8,09/05/2025,30,26,26,18,11.4,14.7,Yes
GMBA,Jul-23,2022,Consulting,Amazon,Tier 3,Consulting Manager,Chennai,13,04/22/2025,38,37,25,19,19.2,25.3,No
GCGM,Jul-24,2022,Technology,Microsoft,Tier 1,Technology Manager,Pune,7,06/11/2025,28,24,21,13,23.7,26.4,Yes
GMBA,Jan-23,2024,Manufacturing,Amazon,Tier 2,Manufacturing Lead,Hyderabad,5,07/12/2025,37,24,23,9,13.6,18.9,Yes
MGB,Jul-23,2022,Education,Amazon,Tier 1,Education Specialist,Kolkata,14,06/24/2025,42,35,29,22,20.7,24.0,No
MGB,Jan-22,2024,Retail,TCS,Tier 3,Retail Analyst,Bangalore,6,05/16/2025,39,23,18,6,18.9,23.5,No
GMBA,Jan-22,2024,Manufacturing,Microsoft,Tier 2,Manufacturing Analyst,Mumbai,10,05/03/2025,47,38,38,28,16.4,21.8,Yes
GMBA,Jul-22,2022,Education,EY,Tier 1,Education Specialist,Hyderabad,4,07/16/2025,45,43,43,14,17.8,22.6,No
GMBA,Jul-23,2022,Retail,PwC,Tier 1,Retail Specialist,Pune,7,04/30/2025,22,15,15,9,15.7,22.4,No
GMBA,Jan-23,2024,Manufacturing,Microsoft,Tier 2,Manufacturing Specialist,Mumbai,2,04/10/2025,27,21,20,8,12.4,15.7,Yes
GCGM,Jan-24,2024,Consulting,KPMG,Tier 3,Consulting Analyst,Kolkata,11,08/23/2025,24,17,17,7,11.5,14.6,No
GCGM,Jan-23,2022,Consulting,Google,Tier 2,Consulting Consultant,Delhi,12,06/04/2025,26,18,14,6,15.2,18.8,Yes
GCGM,Jul-23,2024,Technology,Deloitte,Tier 2,Technology Analyst,Kolkata,13,09/01/2025,47,34,29,9,15.6,20.0,Yes
MGB,Jul-23,2022,Manufacturing,EY,Tier 3,Manufacturing Consultant,Hyderabad,3,09/01/2025,25,18,12,6,20.6,24.7,No
MGB,Jan-23,2023,Consulting,PwC,Tier 3,Consulting Analyst,Mumbai,9,06/05/2025,20,12,11,6,14.8,22.0,No
GMBA,Jan-23,2022,Retail,TCS,Tier 1,Retail Consultant,Pune,12,07/23/2025,45,39,34,10,24.2,27.8,Yes
GMBA,Jul-24,2023,Technology,KPMG,Tier 1,Technology Manager,Hyderabad,4,04/19/2025,24,21,14,4,18.1,21.4,No
GCGM,Jan-22,2023,Healthcare,Amazon,Tier 1,Healthcare Consultant,Delhi,10,07/08/2025,50,34,34,15,14.2,21.8,No
GCGM,Jul-23,2022,Education,Accenture,Tier 2,Education Lead,Hyderabad,7,06/20/2025,20,12,10,3,23.1,25.3,Yes
MGB,Jan-24,2023,Technology,Amazon,Tier 1,Technology Consultant,Bangalore,5,04/23/2025,22,19,13,4,24.5,29.3,Yes
GCGM,Jul-23,2023,Healthcare,Infosys,Tier 2,Healthcare Lead,Bangalore,4,08/05/2025,30,28,27,13,24.3,30.3,Yes
GMBA,Jan-22,2022,Manufacturing,TCS,Tier 1,Manufacturing Consultant,Kolkata,4,07/22/2025,27,26,19,6,20.2,23.9,Yes
MGB,Jan-23,2024,Consulting,Infosys,Tier 3,Consulting Consultant,Chennai,12,04/29/2025,38,38,34,18,20.9,23.7,Yes
GCGM,Jul-23,2023,Retail,Deloitte,Tier 1,Retail Analyst,Kolkata,5,05/01/2025,25,15,11,8,8.6,15.3,No
MGB,Jan-24,2023,Education,PwC,Tier 2,Education Analyst,Delhi,12,07/15/2025,47,46,38,25,24.9,29.6,No
MGB,Jan-24,2023,Finance,Accenture,Tier 2,Finance Analyst,Bangalore,14,06/23/2025,47,43,42,29,15.8,18.3,No
MGB,Jan-23,2023,Manufacturing,Microsoft,Tier 1,Manufacturing Specialist,Mumbai,5,05/06/2025,34,33,24,8,17.4,21.1,Yes
GMBA,Jan-23,2024,Finance,EY,Tier 2,Finance Lead,Kolkata,10,08/17/2025,26,17,17,8,21.2,24.4,Yes
GMBA,Jul-24,2024,Consulting,EY,Tier 3,Consulting Consultant,Delhi,13,08/17/2025,50,46,34,21,10.7,16.8,No
MGB,Jan-22,2022,Consulting,TCS,Tier 1,Consulting Manager,Chennai,6,05/05/2025,32,27,24,14,16.0,18.8,No
GCGM,Jul-23,2022,Retail,TCS,Tier 3,Retail Specialist,Hyderabad,3,06/16/2025,21,18,13,5,16.2,19.1,Yes
GMBA,Jul-24,2022,Education,TCS,Tier 2,Education Consultant,Mumbai,5,06/03/2025,50,38,28,22,14.8,21.2,Yes
MGB,Jul-22,2024,Education,Infosys,Tier 2,Education Specialist,Mumbai,12,07/10/2025,23,21,18,13,9.7,15.5,Yes
GCGM,Jul-24,2023,Retail,EY,Tier 3,Retail Specialist,Chennai,4,04/28/2025,22,18,14,4,14.5,21.8,Yes
MGB,Jul-24,2023,Education,PwC,Tier 2,Education Specialist,Delhi,10,09/10/2025,23,14,14,9,12.1,19.2,Yes
MGB,Jan-23,2022,Education,Infosys,Tier 3,Education Analyst,Pune,6,08/30/2025,48,36,35,26,13.6,19.6,No
MGB,Jan-24,2024,Manufacturing,TCS,Tier 2,Manufacturing Lead,Delhi,11,06/20/2025,33,29,24,8,25.0,31.9,No
MGB,Jan-24,2024,Manufacturing,Microsoft,Tier 1,Manufacturing Lead,Hyderabad,15,06/09/2025,45,30,30,12,10.0,16.6,No
GMBA,Jul-24,2023,Consulting,Microsoft,Tier 3,Consulting Analyst,Kolkata,9,07/31/2025,47,42,38,27,8.6,13.0,Yes
MGB,Jan-23,2024,Retail,Microsoft,Tier 2,Retail Manager,Mumbai,6,06/26/2025,49,42,41,12,20.4,27.5,Yes
GMBA,Jan-23,2024,Healthcare,Infosys,Tier 1,Healthcare Specialist,Bangalore,9,06/27/2025,42,33,25,10,17.5,24.7,Yes
GCGM,Jul-24,2023,Education,PwC,Tier 1,Education Manager,Bangalore,7,04/18/2025,39,30,26,20,13.2,20.7,No
GCGM,Jul-22,2023,Education,Amazon,Tier 2,Education Analyst,Delhi,6,08/27/2025,47,43,35,20,21.7,29.1,Yes
GCGM,Jan-22,2022,Consulting,KPMG,Tier 3,Consulting Lead,Pune,12,04/08/2025,37,31,29,13,14.8,20.9,No
MGB,Jan-24,2024,Finance,Infosys,Tier 3,Finance Analyst,Bangalore,10,07/04/2025,31,24,18,11,9.8,17.5,Yes
GCGM,Jul-22,2022,Education,PwC,Tier 1,Education Specialist,Delhi,10,04/12/2025,24,24,20,6,16.4,23.4,Yes
GMBA,Jul-22,2023,Technology,Amazon,Tier 2,Technology Consultant,Delhi,2,05/15/2025,47,47,47,28,15.0,20.4,No
GCGM,Jan-23,2024,Healthcare,KPMG,Tier 3,Healthcare Manager,Bangalore,13,09/05/2025,45,38,38,19,15.3,19.5,Yes
GCGM,Jan-24,2022,Education,Accenture,Tier 3,Education Manager,Delhi,14,03/29/2025,37,26,19,13,20.0,25.3,Yes
GCGM,Jan-22,2024,Consulting,PwC,Tier 3,Consulting Specialist,Kolkata,2,05/04/2025,34,29,27,15,18.0,20.4,Yes
GMBA,Jan-22,2024,Healthcare,Accenture,Tier 3,Healthcare Lead,Delhi,3,05/22/2025,41,35,25,18,12.7,16.2,No
GMBA,Jul-23,2022,Healthcare,Amazon,Tier 1,Healthcare Lead,Pune,9,04/03/2025,29,25,21,11,12.0,18.7,No
GMBA,Jul-22,2024,Manufacturing,Microsoft,Tier 1,Manufacturing Consultant,Pune,14,07/23/2025,31,27,19,6,18.4,23.6,Yes
GMBA,Jul-23,2023,Technology,Amazon,Tier 3,Technology Specialist,Chennai,13,03/30/2025,23,18,12,3,24.1,29.5,No
GCGM,Jan-23,2023,Education,Amazon,Tier 2,Education Consultant,Delhi,3,07/28/2025,29,22,17,11,22.9,27.9,No
GMBA,Jan-23,2022,Consulting,Google,Tier 2,Consulting Consultant,Kolkata,3,09/24/2025,36,29,20,15,9.0,14.4,Yes
GCGM,Jul-24,2024,Consulting,Microsoft,Tier 2,Consulting Specialist,Bangalore,2,08/09/2025,45,45,40,23,22.6,30.3,Yes
GCGM,Jan-24,2022,Technology,Accenture,Tier 3,Technology Specialist,Delhi,11,09/17/2025,31,27,20,13,20.0,27.3,Yes
GCGM,Jan-22,2023,Education,EY,Tier 1,Education Consultant,Kolkata,6,04/23/2025,49,38,27,13,19.6,25.2,Yes
GCGM,Jan-23,2022,Consulting,KPMG,Tier 2,Consulting Manager,Pune,10,08/19/2025,46,39,39,25,24.0,30.1,Yes
GCGM,Jan-24,2022,Finance,PwC,Tier 2,Finance Manager,Mumbai,7,05/13/2025,21,19,19,15,20.0,27.1,No
MGB,Jul-23,2022,Retail,EY,Tier 1,Retail Specialist,Bangalore,7,09/18/2025,24,21,17,9,24.1,28.6,No
GMBA,Jan-22,2024,Consulting,Google,Tier 3,Consulting Analyst,Chennai,11,08/07/2025,32,23,23,18,21.1,27.7,Yes
MGB,Jul-23,2022,Manufacturing,Infosys,Tier 3,Manufacturing Manager,Hyderabad,10,05/10/2025,25,25,22,17,8.8,11.0,Yes
GCGM,Jul-23,2022,Retail,Deloitte,Tier 3,Retail Consultant,Hyderabad,15,07/05/2025,25,23,21,16,19.9,27.4,Yes
MGB,Jan-22,2022,Healthcare,TCS,Tier 1,Healthcare Manager,Hyderabad,12,08/10/2025,39,23,16,10,11.5,17.6,No
MGB,Jul-24,2024,Consulting,TCS,Tier 2,Consulting Manager,Mumbai,4,08/03/2025,24,23,19,14,19.4,26.7,No
GMBA,Jan-22,2024,Retail,Deloitte,Tier 1,Retail Specialist,Chennai,15,09/14/2025,33,25,21,9,21.9,26.8,No
GCGM,Jan-24,2023,Retail,Amazon,Tier 3,Retail Consultant,Delhi,3,07/21/2025,40,27,19,7,23.3,28.3,No
GCGM,Jan-22,2024,Manufacturing,Infosys,Tier 2,Manufacturing Specialist,Bangalore,15,08/04/2025,38,30,22,7,14.7,22.0,Yes
GCGM,Jul-22,2023,Technology,EY,Tier 2,Technology Lead,Chennai,3,06/22/2025,23,16,11,6,11.1,17.7,No
GCGM,Jan-24,2022,Healthcare,Amazon,Tier 3,Healthcare Consultant,Kolkata,2,06/29/2025,41,40,40,18,21.1,27.4,No
GCGM,Jul-22,2024,Consulting,Amazon,Tier 2,Consulting Consultant,Delhi,12,07/01/2025,21,18,15,6,24.1,29.1,No
MGB,Jan-22,2022,Education,Microsoft,Tier 2,Education Analyst,Mumbai,15,06/12/2025,27,25,25,11,17.5,20.3,Yes
GCGM,Jan-24,2022,Retail,KPMG,Tier 1,Retail Specialist,Pune,7,05/02/2025,31,18,13,4,19.6,21.7,Yes
MGB,Jul-24,2024,Education,TCS,Tier 3,Education Specialist,Mumbai,11,06/01/2025,37,24,16,11,23.9,29.8,Yes
GCGM,Jan-23,2024,Manufacturing,PwC,Tier 2,Manufacturing Consultant,Bangalore,12,06/17/2025,34,27,20,13,17.1,21.3,No
GMBA,Jul-22,2023,Consulting,Amazon,Tier 3,Consulting Consultant,Mumbai,8,04/17/2025,45,36,27,8,15.8,22.1,No
GMBA,Jul-23,2022,Healthcare,TCS,Tier 2,Healthcare Lead,Chennai,9,08/03/2025,43,39,34,22,15.9,19.9,Yes
MGB,Jan-23,2024,Retail,TCS,Tier 1,Retail Manager,Hyderabad,5,08/01/2025,50,49,45,27,17.3,23.9,No
GCGM,Jul-24,2023,Healthcare,Amazon,Tier 1,Healthcare Lead,Hyderabad,12,06/06/2025,34,24,22,6,11.4,15.4,Yes
GMBA,Jul-23,2024,Technology,PwC,Tier 3,Technology Consultant,Delhi,8,08/17/2025,38,27,22,17,19.6,26.2,No
GMBA,Jul-24,2022,Healthcare,Accenture,Tier 1,Healthcare Analyst,Kolkata,13,09/08/2025,24,21,19,14,23.9,29.5,Yes
MGB,Jan-22,2023,Technology,Microsoft,Tier 1,Technology Lead,Bangalore,15,07/06/2025,22,18,14,7,20.6,28.4,No
GCGM,Jul-23,2022,Consulting,PwC,Tier 3,Consulting Lead,Delhi,6,04/19/2025,29,18,18,13,10.7,18.0,No
MGB,Jan-22,2022,Manufacturing,Amazon,Tier 3,Manufacturing Consultant,Pune,9,06/19/2025,42,33,26,8,19.3,22.2,No
MGB,Jul-24,2024,Healthcare,Deloitte,Tier 1,Healthcare Manager,Kolkata,2,06/30/2025,38,33,30,14,15.6,17.7,Yes
GMBA,Jul-22,2024,Technology,Accenture,Tier 1,Technology Manager,Delhi,11,07/12/2025,29,27,24,9,9.9,17.5,Yes
GMBA,Jan-23,2024,Manufacturing,Accenture,Tier 2,Manufacturing Analyst,Mumbai,11,05/22/2025,48,46,38,16,14.2,17.7,No
GMBA,Jul-23,2024,Technology,Amazon,Tier 3,Technology Analyst,Delhi,13,07/01/2025,29,21,21,12,13.7,17.4,Yes
MGB,Jan-22,2024,Education,Amazon,Tier 3,Education Manager,Mumbai,13,03/30/2025,38,22,19,11,11.4,16.2,No
GMBA,Jul-22,2023,Consulting,Accenture,Tier 3,Consulting Manager,Kolkata,14,07/18/2025,33,25,22,8,24.0,30.3,Yes
GCGM,Jul-22,2022,Retail,PwC,Tier 1,Retail Consultant,Kolkata,12,06/21/2025,49,39,35,13,8.4,11.2,Yes
GMBA,Jan-22,2022,Manufacturing,Amazon,Tier 1,Manufacturing Lead,Kolkata,3,04/17/2025,47,30,21,6,20.5,24.6,No
GCGM,Jan-22,2024,Education,Accenture,Tier 3,Education Analyst,Mumbai,11,09/24/2025,23,13,10,4,23.6,31.2,No
MGB,Jan-24,2024,Finance,TCS,Tier 1,Finance Consultant,Pune,3,05/27/2025,32,24,24,10,16.1,19.3,No
GMBA,Jan-24,2022,Education,KPMG,Tier 1,Education Analyst,Chennai,4,03/29/2025,36,21,15,6,24.6,28.1,Yes
GCGM,Jul-23,2023,Finance,TCS,Tier 2,Finance Manager,Kolkata,5,07/25/2025,25,21,18,14,15.0,20.9,Yes
GCGM,Jul-24,2024,Consulting,Infosys,Tier 1,Consulting Specialist,Mumbai,2,09/21/2025,22,20,16,4,18.5,25.4,Yes
MGB,Jan-23,2023,Manufacturing,Accenture,Tier 2,Manufacturing Manager,Pune,12,05/22/2025,39,25,21,11,15.7,22.1,No
MGB,Jul-23,2023,Retail,EY,Tier 1,Retail Specialist,Delhi,11,06/01/2025,25,15,15,9,15.0,22.2,Yes
MGB,Jan-23,2022,Retail,Amazon,Tier 2,Retail Specialist,Chennai,2,04/08/2025,47,32,27,14,24.8,30.6,Yes
MGB,Jul-23,2022,Manufacturing,Amazon,Tier 1,Manufacturing Manager,Delhi,3,05/07/2025,20,18,15,6,12.6,15.8,No
MGB,Jan-22,2022,Finance,TCS,Tier 2,Finance Manager,Hyderabad,13,05/25/2025,35,27,24,9,16.3,22.3,No
MGB,Jul-24,2023,Finance,Amazon,Tier 3,Finance Lead,Chennai,14,06/07/2025,26,21,21,6,24.3,30.1,Yes
GCGM,Jan-22,2023,Finance,KPMG,Tier 3,Finance Manager,Bangalore,7,06/10/2025,43,36,36,14,14.3,22.1,Yes
GMBA,Jan-23,2024,Consulting,TCS,Tier 3,Consulting Consultant,Delhi,15,08/23/2025,48,38,36,25,21.4,26.7,No
GCGM,Jul-23,2022,Finance,KPMG,Tier 3,Finance Lead,Hyderabad,11,07/04/2025,27,19,16,11,23.1,27.0,Yes
MGB,Jul-24,2022,Healthcare,EY,Tier 2,Healthcare Manager,Hyderabad,13,09/09/2025,28,17,14,10,21.2,28.0,No
MGB,Jul-23,2023,Finance,TCS,Tier 3,Finance Lead,Mumbai,7,05/10/2025,31,31,30,24,17.6,24.3,Yes
MGB,Jul-23,2024,Manufacturing,TCS,Tier 3,Manufacturing Analyst,Mumbai,6,07/10/2025,43,26,21,14,21.6,25.3,No
GCGM,Jul-23,2024,Finance,TCS,Tier 2,Finance Specialist,Mumbai,2,05/05/2025,40,37,26,12,15.9,23.4,Yes
GCGM,Jan-23,2022,Healthcare,KPMG,Tier 2,Healthcare Analyst,Mumbai,6,09/11/2025,34,24,19,14,15.7,18.7,No
MGB,Jul-22,2023,Healthcare,EY,Tier 2,Healthcare Lead,Delhi,7,09/16/2025,46,39,35,10,18.7,24.6,No
GCGM,Jan-24,2022,Manufacturing,Accenture,Tier 3,Manufacturing Consultant,Mumbai,10,09/01/2025,21,14,12,3,23.8,26.6,No
GMBA,Jul-23,2024,Consulting,Accenture,Tier 1,Consulting Consultant,Chennai,7,05/07/2025,44,28,26,13,17.3,22.4,Yes
GCGM,Jan-22,2024,Healthcare,TCS,Tier 1,Healthcare Consultant,Mumbai,14,05/25/2025,49,37,28,11,9.0,15.1,Yes
MGB,Jan-22,2024,Finance,Microsoft,Tier 1,Finance Manager,Delhi,15,05/21/2025,24,22,20,11,14.6,20.4,Yes
GMBA,Jan-22,2024,Manufacturing,Deloitte,Tier 1,Manufacturing Manager,Mumbai,5,05/17/2025,38,23,19,8,17.9,19.9,Yes
GCGM,Jul-22,2024,Finance,Deloitte,Tier 1,Finance Manager,Hyderabad,2,07/01/2025,49,49,43,20,17.5,22.5,Yes
GMBA,Jul-23,2022,Consulting,Accenture,Tier 2,Consulting Consultant,Mumbai,12,08/27/2025,29,24,16,11,18.3,24.2,Yes
GMBA,Jul-24,2022,Education,Deloitte,Tier 1,Education Lead,Pune,15,07/09/2025,26,18,18,14,20.5,24.3,No
GCGM,Jan-23,2022,Technology,PwC,Tier 3,Technology Specialist,Pune,5,06/17/2025,38,30,24,15,8.4,10.5,No
GMBA,Jul-22,2022,Healthcare,PwC,Tier 3,Healthcare Lead,Kolkata,4,08/28/2025,49,44,37,28,18.1,24.9,Yes
GCGM,Jan-22,2022,Manufacturing,Microsoft,Tier 1,Manufacturing Manager,Kolkata,2,07/31/2025,50,38,26,11,15.6,21.9,Yes
MGB,Jul-22,2023,Retail,Deloitte,Tier 2,Retail Specialist,Mumbai,6,08/03/2025,33,29,20,10,21.1,28.5,Yes
MGB,Jan-22,2024,Healthcare,Microsoft,Tier 1,Healthcare Consultant,Mumbai,3,07/31/2025,22,16,14,8,12.6,18.8,Yes
GCGM,Jul-24,2022,Retail,Deloitte,Tier 2,Retail Manager,Mumbai,2,07/14/2025,35,27,25,13,11.0,13.1,No
GCGM,Jan-24,2023,Education,TCS,Tier 2,Education Lead,Mumbai,12,03/29/2025,28,19,14,11,21.8,29.8,No
GCGM,Jan-23,2024,Retail,TCS,Tier 3,Retail Manager,Mumbai,6,05/06/2025,31,19,17,10,15.8,20.6,Yes
MGB,Jul-22,2024,Retail,Accenture,Tier 3,Retail Specialist,Bangalore,8,04/05/2025,25,24,22,11,15.9,20.0,No
GMBA,Jul-24,2022,Healthcare,Accenture,Tier 1,Healthcare Analyst,Hyderabad,6,06/29/2025,48,32,27,13,19.0,23.7,Yes
GMBA,Jul-23,2022,Consulting,KPMG,Tier 3,Consulting Specialist,Pune,15,08/27/2025,43,30,30,13,24.6,31.4,Yes
MGB,Jul-23,2022,Technology,EY,Tier 3,Technology Manager,Mumbai,6,06/21/2025,49,46,42,17,20.6,26.7,No
GMBA,Jul-24,2023,Retail,EY,Tier 2,Retail Consultant,Delhi,11,03/31/2025,31,29,26,18,20.8,23.4,Yes
GCGM,Jan-24,2024,Education,Microsoft,Tier 3,Education Analyst,Kolkata,3,08/07/2025,35,23,17,9,12.1,16.5,Yes
MGB,Jan-23,2024,Technology,Microsoft,Tier 2,Technology Specialist,Mumbai,5,09/22/2025,25,25,18,6,12.3,20.0,No
GCGM,Jul-24,2023,Healthcare,Accenture,Tier 2,Healthcare Analyst,Delhi,6,05/20/2025,33,28,28,22,16.1,21.8,No
GMBA,Jan-24,2023,Technology,Accenture,Tier 2,Technology Specialist,Pune,9,09/18/2025,47,40,40,29,21.1,25.6,No
GCGM,Jul-23,2023,Healthcare,Microsoft,Tier 1,Healthcare Manager,Chennai,6,07/25/2025,37,24,17,8,20.3,26.6,No
GMBA,Jul-24,2022,Consulting,Microsoft,Tier 2,Consulting Lead,Hyderabad,14,06/03/2025,42,39,30,22,9.6,15.7,Yes
GMBA,Jul-23,2022,Finance,EY,Tier 2,Finance Specialist,Bangalore,13,07/11/2025,38,34,31,10,12.3,15.0,Yes
GCGM,Jul-23,2024,Consulting,Microsoft,Tier 3,Consulting Consultant,Bangalore,8,06/20/2025,23,23,18,6,11.4,16.3,Yes
GCGM,Jan-22,2022,Finance,Infosys,Tier 1,Finance Consultant,Bangalore,15,08/22/2025,41,39,30,23,21.7,29.4,Yes
GMBA,Jan-22,2023,Healthcare,PwC,Tier 2,Healthcare Specialist,Kolkata,13,09/16/2025,33,19,18,13,23.3,27.5,No
GCGM,Jul-22,2022,Manufacturing,Deloitte,Tier 3,Manufacturing Analyst,Chennai,3,08/14/2025,22,14,11,8,14.1,18.5,Yes
GMBA,Jul-22,2024,Finance,KPMG,Tier 3,Finance Specialist,Delhi,9,08/26/2025,41,41,33,26,12.5,14.9,Yes
GCGM,Jan-24,2024,Finance,TCS,Tier 1,Finance Manager,Bangalore,4,04/28/2025,43,37,25,12,9.0,15.7,Yes
MGB,Jul-22,2022,Education,Infosys,Tier 1,Education Consultant,Bangalore,5,06/17/2025,47,43,42,18,11.2,16.1,Yes
MGB,Jul-24,2023,Retail,Amazon,Tier 1,Retail Consultant,Kolkata,10,07/19/2025,24,15,13,4,17.6,21.1,No
MGB,Jul-23,2023,Education,Microsoft,Tier 2,Education Lead,Mumbai,15,07/29/2025,30,30,27,8,11.3,17.6,Yes
GCGM,Jul-23,2024,Manufacturing,PwC,Tier 3,Manufacturing Analyst,Chennai,12,06/10/2025,47,33,26,16,16.9,21.8,Yes
MGB,Jan-23,2024,Technology,EY,Tier 3,Technology Lead,Kolkata,4,07/03/2025,44,27,23,10,14.7,19.5,No
GMBA,Jan-24,2022,Manufacturing,PwC,Tier 2,Manufacturing Specialist,Chennai,14,06/30/2025,47,46,43,29,23.7,29.3,Yes
MGB,Jan-24,2024,Consulting,PwC,Tier 3,Consulting Consultant,Hyderabad,11,07/06/2025,40,26,22,16,12.6,16.2,No
GMBA,Jul-24,2022,Manufacturing,TCS,Tier 1,Manufacturing Lead,Bangalore,6,08/20/2025,26,20,18,11,12.7,18.3,No
GCGM,Jul-24,2024,Retail,TCS,Tier 3,Retail Manager,Bangalore,13,04/14/2025,37,32,25,19,15.9,21.0,Yes
MGB,Jan-24,2023,Manufacturing,TCS,Tier 3,Manufacturing Lead,Kolkata,7,06/29/2025,25,25,24,12,12.2,17.1,Yes
GCGM,Jan-23,2023,Manufacturing,Infosys,Tier 1,Manufacturing Specialist,Bangalore,3,05/07/2025,50,42,42,29,24.7,26.7,No
MGB,Jan-23,2022,Manufacturing,EY,Tier 2,Manufacturing Consultant,Delhi,6,08/09/2025,21,18,17,12,18.1,23.0,Yes
GCGM,Jul-24,2024,Education,Accenture,Tier 1,Education Specialist,Mumbai,15,08/03/2025,22,17,11,7,17.1,19.9,Yes
GMBA,Jan-24,2023,Technology,KPMG,Tier 1,Technology Lead,Mumbai,7,06/26/2025,39,31,25,13,12.1,15.4,Yes
GMBA,Jan-24,2022,Technology,Amazon,Tier 3,Technology Consultant,Hyderabad,7,09/01/2025,44,33,25,19,24.4,28.7,No
GCGM,Jan-23,2022,Technology,PwC,Tier 1,Technology Analyst,Delhi,15,07/25/2025,33,22,18,12,18.4,25.7,No
MGB,Jul-23,2022,Manufacturing,Deloitte,Tier 3,Manufacturing Specialist,Kolkata,8,04/20/2025,34,23,19,6,22.4,26.9,No
GMBA,Jul-23,2023,Manufacturing,Microsoft,Tier 2,Manufacturing Lead,Delhi,12,08/03/2025,35,27,26,12,13.5,18.5,No
MGB,Jul-23,2023,Retail,Amazon,Tier 1,Retail Consultant,Hyderabad,15,07/12/2025,42,37,27,20,14.9,18.2,Yes
GCGM,Jul-23,2024,Manufacturing,Deloitte,Tier 2,Manufacturing Manager,Mumbai,12,06/24/2025,49,47,39,31,19.9,24.6,No
MGB,Jan-23,2023,Healthcare,Microsoft,Tier 2,Healthcare Consultant,Pune,9,08/12/2025,49,42,30,22,12.3,15.7,Yes
GCGM,Jul-24,2022,Retail,KPMG,Tier 3,Retail Analyst,Hyderabad,10,04/20/2025,45,33,23,12,14.2,20.8,Yes
GCGM,Jul-23,2023,Technology,Infosys,Tier 3,Technology Consultant,Bangalore,9,05/14/2025,24,18,13,9,12.7,20.2,Yes
GCGM,Jul-22,2022,Education,TCS,Tier 1,Education Consultant,Hyderabad,2,04/23/2025,38,27,22,14,16.0,20.5,Yes
MGB,Jul-24,2022,Education,Google,Tier 1,Education Consultant,Bangalore,15,05/11/2025,45,32,30,12,21.2,26.6,Yes
MGB,Jul-22,2022,Education,TCS,Tier 1,Education Analyst,Bangalore,15,05/27/2025,25,19,17,5,16.5,23.9,Yes
GMBA,Jul-22,2022,Finance,Amazon,Tier 3,Finance Lead,Kolkata,7,09/14/2025,38,30,28,11,15.7,22.0,Yes
GMBA,Jul-23,2024,Finance,Deloitte,Tier 1,Finance Lead,Bangalore,9,06/26/2025,36,36,35,22,17.4,23.7,No
MGB,Jan-23,2022,Manufacturing,Infosys,Tier 2,Manufacturing Lead,Delhi,10,06/11/2025,47,43,32,10,11.5,17.1,No
GCGM,Jul-23,2024,Consulting,Deloitte,Tier 2,Consulting Consultant,Mumbai,7,04/11/2025,35,24,16,7,15.4,21.2,No
MGB,Jul-22,2023,Finance,Deloitte,Tier 1,Finance Consultant,Mumbai,5,06/10/2025,48,42,33,24,14.8,21.1,Yes
MGB,Jan-22,2024,Finance,TCS,Tier 3,Finance Manager,Mumbai,6,06/26/2025,31,18,14,11,23.5,30.8,No
GCGM,Jul-24,2024,Education,Microsoft,Tier 2,Education Lead,Mumbai,7,07/17/2025,30,21,18,13,10.8,18.8,Yes
MGB,Jan-24,2023,Manufacturing,Microsoft,Tier 1,Manufacturing Manager,Pune,10,06/22/2025,31,18,15,10,13.7,19.4,Yes
GMBA,Jan-24,2024,Manufacturing,EY,Tier 1,Manufacturing Analyst,Chennai,14,08/16/2025,35,27,26,7,19.3,24.6,No
GMBA,Jul-23,2023,Retail,Accenture,Tier 3,Retail Specialist,Chennai,13,07/30/2025,43,33,25,9,21.0,24.1,Yes
MGB,Jan-24,2024,Consulting,Microsoft,Tier 1,Consulting Manager,Delhi,5,08/02/2025,33,28,22,12,21.6,28.9,Yes
GMBA,Jul-23,2022,Finance,Google,Tier 1,Finance Analyst,Bangalore,13,04/06/2025,35,33,24,10,16.0,23.8,No
MGB,Jul-24,2024,Manufacturing,Accenture,Tier 3,Manufacturing Manager,Bangalore,15,05/13/2025,35,25,25,15,23.1,30.0,Yes
GMBA,Jan-23,2023,Manufacturing,KPMG,Tier 3,Manufacturing Specialist,Bangalore,14,09/11/2025,39,30,24,7,15.4,19.0,No
GMBA,Jan-24,2024,Technology,Infosys,Tier 1,Technology Manager,Hyderabad,5,06/11/2025,47,35,27,15,23.4,30.9,No
MGB,Jan-22,2023,Manufacturing,Deloitte,Tier 2,Manufacturing Specialist,Bangalore,3,06/06/2025,27,18,16,11,24.1,30.1,Yes
MGB,Jan-24,2022,Healthcare,Deloitte,Tier 1,Healthcare Specialist,Bangalore,7,06/06/2025,23,17,12,6,22.9,27.9,Yes
GCGM,Jan-22,2022,Finance,Infosys,Tier 3,Finance Analyst,Kolkata,4,08/17/2025,30,20,18,10,18.1,25.2,No
MGB,Jul-24,2024,Technology,PwC,Tier 3,Technology Manager,Pune,4,04/07/2025,21,12,11,4,8.6,12.3,Yes
GCGM,Jul-22,2023,Finance,Microsoft,Tier 2,Finance Specialist,Bangalore,3,08/28/2025,21,21,15,4,18.4,25.4,No
MGB,Jul-22,2024,Consulting,KPMG,Tier 3,Consulting Lead,Kolkata,10,08/31/2025,22,22,19,7,9.1,14.7,No
MGB,Jan-23,2024,Finance,KPMG,Tier 3,Finance Manager,Bangalore,2,07/11/2025,32,32,27,18,10.8,15.6,No
GCGM,Jan-22,2022,Education,Deloitte,Tier 1,Education Analyst,Kolkata,15,04/27/2025,29,27,23,9,12.1,15.0,Yes
GMBA,Jul-23,2023,Technology,Amazon,Tier 2,Technology Specialist,Delhi,4,08/24/2025,43,27,22,11,19.7,25.2,No
MGB,Jul-23,2022,Healthcare,TCS,Tier 3,Healthcare Specialist,Mumbai,7,05/29/2025,25,21,17,10,9.1,11.3,No
GMBA,Jul-22,2022,Healthcare,Accenture,Tier 1,Healthcare Consultant,Kolkata,7,07/22/2025,43,38,36,20,24.3,30.8,No
GCGM,Jul-24,2022,Healthcare,Google,Tier 2,Healthcare Specialist,Delhi,2,09/15/2025,48,32,25,15,18.3,26.0,Yes
GMBA,Jul-22,2022,Retail,Accenture,Tier 2,Retail Consultant,Kolkata,11,07/01/2025,31,23,16,5,16.2,23.2,No
GCGM,Jul-23,2024,Healthcare,EY,Tier 3,Healthcare Lead,Hyderabad,11,05/07/2025,49,48,39,24,21.1,27.5,No
MGB,Jan-24,2024,Education,EY,Tier 2,Education Consultant,Mumbai,6,07/06/2025,30,18,15,5,16.1,23.3,Yes
GCGM,Jan-22,2022,Consulting,PwC,Tier 2,Consulting Specialist,Pune,15,07/25/2025,21,15,15,8,14.7,16.7,No
GMBA,Jul-24,2023,Healthcare,Microsoft,Tier 1,Healthcare Lead,Mumbai,14,04/08/2025,45,35,32,22,8.3,15.5,Yes
GMBA,Jan-23,2022,Manufacturing,PwC,Tier 1,Manufacturing Lead,Hyderabad,12,04/10/2025,37,31,22,9,23.7,28.1,Yes
GMBA,Jan-23,2022,Retail,Microsoft,Tier 2,Retail Manager,Mumbai,7,04/06/2025,40,31,28,8,9.7,17.3,No
GMBA,Jul-24,2022,Finance,Deloitte,Tier 2,Finance Analyst,Delhi,13,08/16/2025,25,20,14,8,13.3,18.5,Yes
GMBA,Jan-24,2023,Finance,Microsoft,Tier 1,Finance Lead,Kolkata,14,08/24/2025,45,35,26,8,21.0,25.0,No
MGB,Jul-24,2022,Consulting,KPMG,Tier 1,Consulting Lead,Bangalore,14,09/02/2025,22,18,13,9,21.7,27.0,Yes
MGB,Jan-22,2023,Finance,Amazon,Tier 2,Finance Specialist,Delhi,10,06/06/2025,46,44,33,24,24.8,31.4,Yes
GMBA,Jul-22,2024,Education,EY,Tier 2,Education Specialist,Delhi,4,05/05/2025,26,24,23,18,18.0,24.2,No
GCGM,Jul-24,2023,Consulting,Deloitte,Tier 3,Consulting Manager,Bangalore,5,06/10/2025,48,29,20,13,11.2,16.6,Yes
GMBA,Jan-24,2024,Education,Accenture,Tier 2,Education Manager,Mumbai,4,08/25/2025,46,30,30,12,18.1,22.9,Yes
GCGM,Jul-24,2023,Finance,Accenture,Tier 2,Finance Specialist,Hyderabad,15,08/16/2025,33,23,16,5,8.9,12.7,No
GCGM,Jan-23,2023,Education,Accenture,Tier 2,Education Consultant,Mumbai,10,09/01/2025,31,19,16,8,20.6,25.0,Yes
GCGM,Jul-22,2024,Manufacturing,EY,Tier 3,Manufacturing Consultant,Kolkata,3,04/28/2025,31,19,13,7,21.1,25.0,Yes
GMBA,Jan-24,2024,Technology,TCS,Tier 2,Technology Lead,Bangalore,15,07/10/2025,44,43,42,29,23.5,26.0,No
GMBA,Jan-22,2022,Healthcare,Google,Tier 1,Healthcare Specialist,Bangalore,8,09/14/2025,22,18,14,4,10.3,12.9,No
GCGM,Jul-24,2024,Healthcare,Accenture,Tier 3,Healthcare Analyst,Mumbai,6,04/16/2025,25,24,24,19,12.2,16.2,Yes
GMBA,Jan-23,2024,Finance,PwC,Tier 3,Finance Consultant,Pune,4,05/21/2025,25,25,25,10,24.8,26.9,Yes
MGB,Jan-24,2023,Healthcare,Microsoft,Tier 1,Healthcare Manager,Hyderabad,12,07/23/2025,32,22,19,10,10.3,18.2,Yes
GCGM,Jan-24,2022,Consulting,Deloitte,Tier 3,Consulting Lead,Hyderabad,9,08/25/2025,20,13,12,7,11.2,14.8,Yes
MGB,Jan-22,2024,Retail,Amazon,Tier 1,Retail Analyst,Delhi,5,04/11/2025,43,26,19,15,14.7,22.5,Yes
GCGM,Jan-23,2023,Education,Google,Tier 3,Education Specialist,Mumbai,8,06/20/2025,23,18,13,10,10.5,16.8,No
GMBA,Jul-22,2023,Retail,PwC,Tier 1,Retail Specialist,Kolkata,12,07/16/2025,24,17,14,9,11.2,17.2,No
MGB,Jan-22,2023,Consulting,Microsoft,Tier 1,Consulting Consultant,Chennai,9,07/14/2025,25,15,10,8,15.8,19.5,No
MGB,Jul-22,2024,Healthcare,Amazon,Tier 1,Healthcare Manager,Chennai,14,05/25/2025,44,42,30,23,13.9,19.8,No
GMBA,Jan-24,2024,Finance,Infosys,Tier 2,Finance Consultant,Delhi,9,08/27/2025,48,32,22,9,19.0,23.3,No
GCGM,Jan-24,2022,Manufacturing,Accenture,Tier 2,Manufacturing Consultant,Pune,3,07/14/2025,28,26,26,19,13.3,17.7,No
GCGM,Jan-23,2024,Education,TCS,Tier 3,Education Lead,Hyderabad,15,06/09/2025,39,39,29,23,24.6,26.6,No
GMBA,Jul-22,2024,Healthcare,Microsoft,Tier 1,Healthcare Specialist,Delhi,3,04/06/2025,43,34,34,23,12.3,19.1,No
GCGM,Jan-24,2023,Healthcare,Google,Tier 2,Healthcare Specialist,Hyderabad,5,07/28/2025,48,35,29,9,22.6,26.7,No
MGB,Jan-24,2024,Technology,EY,Tier 3,Technology Analyst,Mumbai,3,08/29/2025,38,26,21,12,22.7,26.0,No
GCGM,Jan-23,2024,Finance,Amazon,Tier 3,Finance Lead,Delhi,5,06/01/2025,31,19,13,7,8.2,13.7,Yes
GCGM,Jan-22,2023,Consulting,Google,Tier 1,Consulting Manager,Hyderabad,3,05/09/2025,22,17,17,13,20.7,28.3,Yes
GMBA,Jan-23,2022,Education,Microsoft,Tier 2,Education Specialist,Kolkata,5,03/30/2025,45,40,33,12,9.5,15.0,No
GMBA,Jan-23,2022,Education,Accenture,Tier 2,Education Consultant,Hyderabad,13,08/15/2025,25,15,15,5,24.7,30.1,Yes
GCGM,Jan-24,2022,Retail,Microsoft,Tier 1,Retail Analyst,Delhi,15,08/25/2025,26,18,13,7,15.8,21.8,Yes
MGB,Jan-22,2024,Retail,Accenture,Tier 2,Retail Consultant,Kolkata,12,04/02/2025,33,21,15,6,16.1,18.1,No
MGB,Jul-24,2024,Technology,Google,Tier 1,Technology Lead,Delhi,3,04/04/2025,24,20,14,10,11.9,18.8,No
MGB,Jan-23,2023,Finance,PwC,Tier 3,Finance Manager,Hyderabad,12,04/22/2025,38,28,26,13,10.9,17.9,Yes
GMBA,Jul-22,2022,Finance,Microsoft,Tier 2,Finance Consultant,Bangalore,8,03/29/2025,44,43,37,13,22.9,25.6,Yes
GCGM,Jul-22,2022,Healthcare,EY,Tier 2,Healthcare Lead,Pune,11,04/22/2025,42,29,20,14,11.1,18.3,Yes
GCGM,Jan-22,2023,Manufacturing,TCS,Tier 3,Manufacturing Specialist,Mumbai,7,08/03/2025,36,23,20,10,13.6,16.5,Yes
GCGM,Jul-24,2023,Retail,TCS,Tier 3,Retail Specialist,Mumbai,10,08/13/2025,24,23,23,7,15.2,21.0,No
GMBA,Jul-24,2024,Technology,Accenture,Tier 1,Technology Analyst,Kolkata,2,09/03/2025,44,26,18,5,9.4,12.4,Yes
GMBA,Jan-22,2024,Education,PwC,Tier 1,Education Consultant,Chennai,14,06/26/2025,48,45,41,23,9.0,14.8,No
GCGM,Jan-24,2024,Retail,Deloitte,Tier 1,Retail Lead,Kolkata,10,05/09/2025,40,33,27,12,10.7,16.0,No
